number,name,type_1,type_2,generation,legendary,hp,attack,defense,sp_attack,sp_defense,speed,total_stats
1,Bulbasaur,Grass,Poison,1,FALSE,45,49,49,65,65,45,318
2,Ivysaur,Grass,Poison,1,FALSE,60,62,63,80,80,60,405
3,Venusaur Mega Venusaur,Grass,Poison,1,FALSE,80,100,123,122,120,80,625
3,Venusaur,Grass,Poison,1,FALSE,80,82,83,100,100,80,525
4,Charmander,Fire,,1,FALSE,39,52,43,60,50,65,309
5,Charmeleon,Fire,,1,FALSE,58,64,58,80,65,80,405
6,Charizard Mega Charizard X,Fire,Dragon,1,FALSE,78,130,111,130,85,100,634
6,Charizard Mega Charizard Y,Fire,Flying,1,FALSE,78,104,78,159,115,100,634
6,Charizard,Fire,Flying,1,FALSE,78,84,78,109,85,100,534
7,Squirtle,Water,,1,FALSE,44,48,65,50,64,43,314
8,Wartortle,Water,,1,FALSE,59,63,80,65,80,58,405
9,Blastoise Mega Blastoise,Water,,1,FALSE,79,103,120,135,115,78,630
9,Blastoise,Water,,1,FALSE,79,83,100,85,105,78,530
10,Caterpie,Bug,,1,FALSE,45,30,35,20,20,45,195
11,Metapod,Bug,,1,FALSE,50,20,55,25,25,30,205
12,Butterfree,Bug,Flying,1,FALSE,60,45,50,90,80,70,395
13,Weedle,Bug,Poison,1,FALSE,40,35,30,20,20,50,195
14,Kakuna,Bug,Poison,1,FALSE,45,25,50,25,25,35,205
15,Beedrill Mega Beedrill,Bug,Poison,1,FALSE,65,150,40,15,80,145,495
15,Beedrill,Bug,Poison,1,FALSE,65,90,40,45,80,75,395
16,Pidgey,Normal,Flying,1,FALSE,40,45,40,35,35,56,251
17,Pidgeotto,Normal,Flying,1,FALSE,63,60,55,50,50,71,349
18,Pidgeot Mega Pidgeot,Normal,Flying,1,FALSE,83,80,80,135,80,121,579
18,Pidgeot,Normal,Flying,1,FALSE,83,80,75,70,70,101,479
19,Rattata,Normal,,1,FALSE,30,56,35,25,35,72,253
20,Raticate,Normal,,1,FALSE,55,81,60,50,70,97,413
21,Spearow,Normal,Flying,1,FALSE,40,60,30,31,31,70,262
22,Fearow,Normal,Flying,1,FALSE,65,90,65,61,61,100,442
23,Ekans,Poison,,1,FALSE,35,60,44,40,54,55,288
24,Arbok,Poison,,1,FALSE,60,85,69,65,79,80,438
25,Pikachu,Electric,,1,FALSE,35,55,40,50,50,90,320
26,Raichu,Electric,,1,FALSE,60,90,55,90,80,110,485
27,Sandshrew,Ground,,1,FALSE,50,75,85,20,30,40,300
28,Sandslash,Ground,,1,FALSE,75,100,110,45,55,65,450
29,Nidoran?€,Poison,,1,FALSE,55,47,52,40,40,41,275
30,Nidorina,Poison,,1,FALSE,70,62,67,55,55,56,365
31,Nidoqueen,Poison,Ground,1,FALSE,90,92,87,75,85,76,505
32,Nidoran,Poison,,1,FALSE,46,57,40,40,40,50,273
33,Nidorino,Poison,,1,FALSE,61,72,57,55,55,65,365
34,Nidoking,Poison,Ground,1,FALSE,81,102,77,85,75,85,505
35,Clefairy,Fairy,,1,FALSE,70,45,48,60,65,35,323
36,Clefable,Fairy,,1,FALSE,95,70,73,95,90,60,483
37,Vulpix,Fire,,1,FALSE,38,41,40,50,65,65,299
38,Ninetales,Fire,,1,FALSE,73,76,75,81,100,100,505
39,Jigglypuff,Normal,Fairy,1,FALSE,115,45,20,45,25,20,270
40,Wigglytuff,Normal,Fairy,1,FALSE,140,70,45,85,50,45,435
41,Zubat,Poison,Flying,1,FALSE,40,45,35,30,40,55,245
42,Golbat,Poison,Flying,1,FALSE,75,80,70,65,75,90,455
43,Oddish,Grass,Poison,1,FALSE,45,50,55,75,65,30,320
44,Gloom,Grass,Poison,1,FALSE,60,65,70,85,75,40,395
45,Vileplume,Grass,Poison,1,FALSE,75,80,85,110,90,50,490
46,Paras,Bug,Grass,1,FALSE,35,70,55,45,55,25,285
47,Parasect,Bug,Grass,1,FALSE,60,95,80,60,80,30,405
48,Venonat,Bug,Poison,1,FALSE,60,55,50,40,55,45,305
49,Venomoth,Bug,Poison,1,FALSE,70,65,60,90,75,90,450
50,Diglett,Ground,,1,FALSE,10,55,25,35,45,95,265
51,Dugtrio,Ground,,1,FALSE,35,80,50,50,70,120,405
52,Meowth,Normal,,1,FALSE,40,45,35,40,40,90,290
53,Persian,Normal,,1,FALSE,65,70,60,65,65,115,440
54,Psyduck,Water,,1,FALSE,50,52,48,65,50,55,320
55,Golduck,Water,,1,FALSE,80,82,78,95,80,85,500
56,Mankey,Fighting,,1,FALSE,40,80,35,35,45,70,305
57,Primeape,Fighting,,1,FALSE,65,105,60,60,70,95,455
58,Growlithe,Fire,,1,FALSE,55,70,45,70,50,60,350
59,Arcanine,Fire,,1,FALSE,90,110,80,100,80,95,555
60,Poliwag,Water,,1,FALSE,40,50,40,40,40,90,300
61,Poliwhirl,Water,,1,FALSE,65,65,65,50,50,90,385
62,Poliwrath,Water,Fighting,1,FALSE,90,95,95,70,90,70,510
63,Abra,Psychic,,1,FALSE,25,20,15,105,55,90,310
64,Kadabra,Psychic,,1,FALSE,40,35,30,120,70,105,400
65,Alakazam Mega Alakazam,Psychic,,1,FALSE,55,50,65,175,95,150,590
65,Alakazam,Psychic,,1,FALSE,55,50,45,135,95,120,500
66,Machop,Fighting,,1,FALSE,70,80,50,35,35,35,305
67,Machoke,Fighting,,1,FALSE,80,100,70,50,60,45,405
68,Machamp,Fighting,,1,FALSE,90,130,80,65,85,55,505
69,Bellsprout,Grass,Poison,1,FALSE,50,75,35,70,30,40,300
70,Weepinbell,Grass,Poison,1,FALSE,65,90,50,85,45,55,390
71,Victreebel,Grass,Poison,1,FALSE,80,105,65,100,70,70,490
72,Tentacool,Water,Poison,1,FALSE,40,40,35,50,100,70,335
73,Tentacruel,Water,Poison,1,FALSE,80,70,65,80,120,100,515
74,Geodude,Rock,Ground,1,FALSE,40,80,100,30,30,20,300
75,Graveler,Rock,Ground,1,FALSE,55,95,115,45,45,35,390
76,Golem,Rock,Ground,1,FALSE,80,120,130,55,65,45,495
77,Ponyta,Fire,,1,FALSE,50,85,55,65,65,90,410
78,Rapidash,Fire,,1,FALSE,65,100,70,80,80,105,500
79,Slowpoke,Water,Psychic,1,FALSE,90,65,65,40,40,15,315
80,Slowbro Mega Slowbro,Water,Psychic,1,FALSE,95,75,180,130,80,30,590
80,Slowbro,Water,Psychic,1,FALSE,95,75,110,100,80,30,490
81,Magnemite,Electric,Steel,1,FALSE,25,35,70,95,55,45,325
82,Magneton,Electric,Steel,1,FALSE,50,60,95,120,70,70,465
83,Farfetch'd,Normal,Flying,1,FALSE,52,65,55,58,62,60,352
84,Doduo,Normal,Flying,1,FALSE,35,85,45,35,35,75,310
85,Dodrio,Normal,Flying,1,FALSE,60,110,70,60,60,100,460
86,Seel,Water,,1,FALSE,65,45,55,45,70,45,325
87,Dewgong,Water,Ice,1,FALSE,90,70,80,70,95,70,475
88,Grimer,Poison,,1,FALSE,80,80,50,40,50,25,325
89,Muk,Poison,,1,FALSE,105,105,75,65,100,50,500
90,Shellder,Water,,1,FALSE,30,65,100,45,25,40,305
91,Cloyster,Water,Ice,1,FALSE,50,95,180,85,45,70,525
92,Gastly,Ghost,Poison,1,FALSE,30,35,30,100,35,80,310
93,Haunter,Ghost,Poison,1,FALSE,45,50,45,115,55,95,405
94,Gengar Mega Gengar,Ghost,Poison,1,FALSE,60,65,80,170,95,130,600
94,Gengar,Ghost,Poison,1,FALSE,60,65,60,130,75,110,500
95,Onix,Rock,Ground,1,FALSE,35,45,160,30,45,70,385
96,Drowzee,Psychic,,1,FALSE,60,48,45,43,90,42,328
97,Hypno,Psychic,,1,FALSE,85,73,70,73,115,67,483
98,Krabby,Water,,1,FALSE,30,105,90,25,25,50,325
99,Kingler,Water,,1,FALSE,55,130,115,50,50,75,475
100,Voltorb,Electric,,1,FALSE,40,30,50,55,55,100,330
101,Electrode,Electric,,1,FALSE,60,50,70,80,80,140,480
102,Exeggcute,Grass,Psychic,1,FALSE,60,40,80,60,45,40,325
103,Exeggutor,Grass,Psychic,1,FALSE,95,95,85,125,65,55,520
104,Cubone,Ground,,1,FALSE,50,50,95,40,50,35,320
105,Marowak,Ground,,1,FALSE,60,80,110,50,80,45,425
106,Hitmonlee,Fighting,,1,FALSE,50,120,53,35,110,87,455
107,Hitmonchan,Fighting,,1,FALSE,50,105,79,35,110,76,455
108,Lickitung,Normal,,1,FALSE,90,55,75,60,75,30,385
109,Koffing,Poison,,1,FALSE,40,65,95,60,45,35,340
110,Weezing,Poison,,1,FALSE,65,90,120,85,70,60,490
111,Rhyhorn,Ground,Rock,1,FALSE,80,85,95,30,30,25,345
112,Rhydon,Ground,Rock,1,FALSE,105,130,120,45,45,40,485
113,Chansey,Normal,,1,FALSE,250,5,5,35,105,50,450
114,Tangela,Grass,,1,FALSE,65,55,115,100,40,60,435
115,Kangaskhan Mega Kangaskhan,Normal,,1,FALSE,105,125,100,60,100,100,590
115,Kangaskhan,Normal,,1,FALSE,105,95,80,40,80,90,490
116,Horsea,Water,,1,FALSE,30,40,70,70,25,60,295
117,Seadra,Water,,1,FALSE,55,65,95,95,45,85,440
118,Goldeen,Water,,1,FALSE,45,67,60,35,50,63,320
119,Seaking,Water,,1,FALSE,80,92,65,65,80,68,450
120,Staryu,Water,,1,FALSE,30,45,55,70,55,85,340
121,Starmie,Water,Psychic,1,FALSE,60,75,85,100,85,115,520
122,Mr. Mime,Psychic,Fairy,1,FALSE,40,45,65,100,120,90,460
123,Scyther,Bug,Flying,1,FALSE,70,110,80,55,80,105,500
124,Jynx,Ice,Psychic,1,FALSE,65,50,35,115,95,95,455
125,Electabuzz,Electric,,1,FALSE,65,83,57,95,85,105,490
126,Magmar,Fire,,1,FALSE,65,95,57,100,85,93,495
127,Pinsir Mega Pinsir,Bug,Flying,1,FALSE,65,155,120,65,90,105,600
127,Pinsir,Bug,,1,FALSE,65,125,100,55,70,85,500
128,Tauros,Normal,,1,FALSE,75,100,95,40,70,110,490
129,Magikarp,Water,,1,FALSE,20,10,55,15,20,80,200
130,Gyarados Mega Gyarados,Water,Dark,1,FALSE,95,155,109,70,130,81,640
130,Gyarados,Water,Flying,1,FALSE,95,125,79,60,100,81,540
131,Lapras,Water,Ice,1,FALSE,130,85,80,85,95,60,535
132,Ditto,Normal,,1,FALSE,48,48,48,48,48,48,288
133,Eevee,Normal,,1,FALSE,55,55,50,45,65,55,325
134,Vaporeon,Water,,1,FALSE,130,65,60,110,95,65,525
135,Jolteon,Electric,,1,FALSE,65,65,60,110,95,130,525
136,Flareon,Fire,,1,FALSE,65,130,60,95,110,65,525
137,Porygon,Normal,,1,FALSE,65,60,70,85,75,40,395
138,Omanyte,Rock,Water,1,FALSE,35,40,100,90,55,35,355
139,Omastar,Rock,Water,1,FALSE,70,60,125,115,70,55,495
140,Kabuto,Rock,Water,1,FALSE,30,80,90,55,45,55,355
141,Kabutops,Rock,Water,1,FALSE,60,115,105,65,70,80,495
142,Aerodactyl Mega Aerodactyl,Rock,Flying,1,FALSE,80,135,85,70,95,150,615
142,Aerodactyl,Rock,Flying,1,FALSE,80,105,65,60,75,130,515
143,Snorlax,Normal,,1,FALSE,160,110,65,65,110,30,540
144,Articuno,Ice,Flying,1,TRUE,90,85,100,95,125,85,580
145,Zapdos,Electric,Flying,1,TRUE,90,90,85,125,90,100,580
146,Moltres,Fire,Flying,1,TRUE,90,100,90,125,85,90,580
147,Dratini,Dragon,,1,FALSE,41,64,45,50,50,50,300
148,Dragonair,Dragon,,1,FALSE,61,84,65,70,70,70,420
149,Dragonite,Dragon,Flying,1,FALSE,91,134,95,100,100,80,600
150,Mewtwo Mega Mewtwo X,Psychic,Fighting,1,TRUE,106,190,100,154,100,130,780
150,Mewtwo Mega Mewtwo Y,Psychic,,1,TRUE,106,150,70,194,120,140,780
150,Mewtwo,Psychic,,1,TRUE,106,110,90,154,90,130,680
151,Mew,Psychic,,1,FALSE,100,100,100,100,100,100,600
152,Chikorita,Grass,,2,FALSE,45,49,65,49,65,45,318
153,Bayleef,Grass,,2,FALSE,60,62,80,63,80,60,405
154, Meganium,Grass,,2,FALSE,80,82,100,83,100,80,525
155,Cyndaquil,Fire,,2,FALSE,39,52,43,60,50,65,309
156,Quilava,Fire,,2,FALSE,58,64,58,80,65,80,405
157,Typhlosion,Fire,,2,FALSE,78,84,78,109,85,100,534
158,Totodile,Water,,2,FALSE,50,65,64,44,48,43,314
159,Croconaw,Water,,2,FALSE,65,80,80,59,63,58,405
160,Feraligatr,Water,,2,FALSE,85,105,100,79,83,78,530
161,Sentret,Normal,,2,FALSE,35,46,34,35,45,20,215
162,Furret,Normal,,2,FALSE,85,76,64,45,55,90,415
163,Hoothoot,Normal,Flying,2,FALSE,60,30,30,36,56,50,262
164,Noctowl,Normal,Flying,2,FALSE,100,50,50,76,96,70,442
165,Ledyba,Bug,Flying,2,FALSE,40,20,30,40,80,55,265
166,Ledian,Bug,Flying,2,FALSE,55,35,50,55,110,85,390
167,Spinarak,Bug,Poison,2,FALSE,40,60,40,40,40,30,250
168,Ariados,Bug,Poison,2,FALSE,70,90,70,60,60,40,390
169,Crobat,Poison,Flying,2,FALSE,85,90,80,70,80,130,535
170,Chinchou,Water,Electric,2,FALSE,75,38,38,56,56,67,330
171,Lanturn,Water,Electric,2,FALSE,125,58,58,76,76,67,460
172,Pichu,Electric,,2,FALSE,20,40,15,35,35,60,205
173,Cleffa,Fairy,,2,FALSE,50,25,28,45,55,15,218
174,Igglybuff,Normal,Fairy,2,FALSE,90,30,15,40,20,15,210
175,Togepi,Fairy,,2,FALSE,35,20,65,40,65,20,245
176,Togetic,Fairy,Flying,2,FALSE,55,40,85,80,105,40,405
177,Natu,Psychic,Flying,2,FALSE,40,50,45,70,45,70,320
178,Xatu,Psychic,Flying,2,FALSE,65,75,70,95,70,95,470
179,Mareep,Electric,,2,FALSE,55,40,40,65,45,35,280
180,Flaaffy,Electric,,2,FALSE,70,55,55,80,60,45,365
181,Ampharos Mega Ampharos,Electric,Dragon,2,FALSE,90,95,105,165,110,45,610
181,Ampharos,Electric,,2,FALSE,90,75,85,115,90,55,510
182,Bellossom,Grass,,2,FALSE,75,80,95,90,100,50,490
183,Marill,Water,Fairy,2,FALSE,70,20,50,20,50,40,250
184,Azumarill,Water,Fairy,2,FALSE,100,50,80,60,80,50,420
185,Sudowoodo,Rock,,2,FALSE,70,100,115,30,65,30,410
186,Politoed,Water,,2,FALSE,90,75,75,90,100,70,500
187,Hoppip,Grass,Flying,2,FALSE,35,35,40,35,55,50,250
188,Skiploom,Grass,Flying,2,FALSE,55,45,50,45,65,80,340
189,Jumpluff,Grass,Flying,2,FALSE,75,55,70,55,95,110,460
190,Aipom,Normal,,2,FALSE,55,70,55,40,55,85,360
191,Sunkern,Grass,,2,FALSE,30,30,30,30,30,30,180
192,Sunflora,Grass,,2,FALSE,75,75,55,105,85,30,425
193,Yanma,Bug,Flying,2,FALSE,65,65,45,75,45,95,390
194,Wooper,Water,Ground,2,FALSE,55,45,45,25,25,15,210
195,Quagsire,Water,Ground,2,FALSE,95,85,85,65,65,35,430
196,Espeon,Psychic,,2,FALSE,65,65,60,130,95,110,525
197,Umbreon,Dark,,2,FALSE,95,65,110,60,130,65,525
198,Murkrow,Dark,Flying,2,FALSE,60,85,42,85,42,91,405
199,Slowking,Water,Psychic,2,FALSE,95,75,80,100,110,30,490
200,Misdreavus,Ghost,,2,FALSE,60,60,60,85,85,85,435
201,Unown,Psychic,,2,FALSE,48,72,48,72,48,48,336
202,Wobbuffet,Psychic,,2,FALSE,190,33,58,33,58,33,405
203,Girafarig,Normal,Psychic,2,FALSE,70,80,65,90,65,85,455
204,Pineco,Bug,,2,FALSE,50,65,90,35,35,15,290
205,Forretress,Bug,Steel,2,FALSE,75,90,140,60,60,40,465
206,Dunsparce,Normal,,2,FALSE,100,70,70,65,65,45,415
207,Gligar,Ground,Flying,2,FALSE,65,75,105,35,65,85,430
208,Steelix Mega Steelix,Steel,Ground,2,FALSE,75,125,230,55,95,30,610
208,Steelix,Steel,Ground,2,FALSE,75,85,200,55,65,30,510
209,Snubbull,Fairy,,2,FALSE,60,80,50,40,40,30,300
210,Granbull,Fairy,,2,FALSE,90,120,75,60,60,45,450
211,Qwilfish,Water,Poison,2,FALSE,65,95,75,55,55,85,430
212,Scizor Mega Scizor,Bug,Steel,2,FALSE,70,150,140,65,100,75,600
212,Scizor,Bug,Steel,2,FALSE,70,130,100,55,80,65,500
213,Shuckle,Bug,Rock,2,FALSE,20,10,230,10,230,5,505
214,Heracross Mega Heracross,Bug,Fighting,2,FALSE,80,185,115,40,105,75,600
214,Heracross,Bug,Fighting,2,FALSE,80,125,75,40,95,85,500
215,Sneasel,Dark,Ice,2,FALSE,55,95,55,35,75,115,430
216,Teddiursa,Normal,,2,FALSE,60,80,50,50,50,40,330
217,Ursaring,Normal,,2,FALSE,90,130,75,75,75,55,500
218,Slugma,Fire,,2,FALSE,40,40,40,70,40,20,250
219,Magcargo,Fire,Rock,2,FALSE,50,50,120,80,80,30,410
220,Swinub,Ice,Ground,2,FALSE,50,50,40,30,30,50,250
221,Piloswine,Ice,Ground,2,FALSE,100,100,80,60,60,50,450
222,Corsola,Water,Rock,2,FALSE,55,55,85,65,85,35,380
223,Remoraid,Water,,2,FALSE,35,65,35,65,35,65,300
224,Octillery,Water,,2,FALSE,75,105,75,105,75,45,480
225,Delibird,Ice,Flying,2,FALSE,45,55,45,65,45,75,330
226,Mantine,Water,Flying,2,FALSE,65,40,70,80,140,70,465
227,Skarmory,Steel,Flying,2,FALSE,65,80,140,40,70,70,465
228,Houndour,Dark,Fire,2,FALSE,45,60,30,80,50,65,330
229,Houndoom Mega Houndoom,Dark,Fire,2,FALSE,75,90,90,140,90,115,600
229,Houndoom,Dark,Fire,2,FALSE,75,90,50,110,80,95,500
230,Kingdra,Water,Dragon,2,FALSE,75,95,95,95,95,85,540
231,Phanpy,Ground,,2,FALSE,90,60,60,40,40,40,330
232,Donphan,Ground,,2,FALSE,90,120,120,60,60,50,500
233,Porygon2,Normal,,2,FALSE,85,80,90,105,95,60,515
234,Stantler,Normal,,2,FALSE,73,95,62,85,65,85,465
235,Smeargle,Normal,,2,FALSE,55,20,35,20,45,75,250
236,Tyrogue,Fighting,,2,FALSE,35,35,35,35,35,35,210
237,Hitmontop,Fighting,,2,FALSE,50,95,95,35,110,70,455
238,Smoochum,Ice,Psychic,2,FALSE,45,30,15,85,65,65,305
239,Elekid,Electric,,2,FALSE,45,63,37,65,55,95,360
240,Magby,Fire,,2,FALSE,45,75,37,70,55,83,365
241,Miltank,Normal,,2,FALSE,95,80,105,40,70,100,490
242,Blissey,Normal,,2,FALSE,255,10,10,75,135,55,540
243,Raikou,Electric,,2,TRUE,90,85,75,115,100,115,580
244,Entei,Fire,,2,TRUE,115,115,85,90,75,100,580
245,Suicune,Water,,2,TRUE,100,75,115,90,115,85,580
246,Larvitar,Rock,Ground,2,FALSE,50,64,50,45,50,41,300
247,Pupitar,Rock,Ground,2,FALSE,70,84,70,65,70,51,410
248,Tyranitar Mega Tyranitar,Rock,Dark,2,FALSE,100,164,150,95,120,71,700
248,Tyranitar,Rock,Dark,2,FALSE,100,134,110,95,100,61,600
249,Lugia,Psychic,Flying,2,TRUE,106,90,130,90,154,110,680
250,Ho-oh,Fire,Flying,2,TRUE,106,130,90,110,154,90,680
251,Celebi,Psychic,Grass,2,FALSE,100,100,100,100,100,100,600
252,Treecko,Grass,,3,FALSE,40,45,35,65,55,70,310
253,Grovyle,Grass,,3,FALSE,50,65,45,85,65,95,405
254,Sceptile Mega Sceptile,Grass,Dragon,3,FALSE,70,110,75,145,85,145,630
254,Sceptile,Grass,,3,FALSE,70,85,65,105,85,120,530
255,Torchic,Fire,,3,FALSE,45,60,40,70,50,45,310
256,Combusken,Fire,Fighting,3,FALSE,60,85,60,85,60,55,405
257,Blaziken Mega Blaziken,Fire,Fighting,3,FALSE,80,160,80,130,80,100,630
257,Blaziken,Fire,Fighting,3,FALSE,80,120,70,110,70,80,530
258,Mudkip,Water,,3,FALSE,50,70,50,50,50,40,310
259,Marshtomp,Water,Ground,3,FALSE,70,85,70,60,70,50,405
260,Swampert Mega Swampert,Water,Ground,3,FALSE,100,150,110,95,110,70,635
260,Swampert,Water,Ground,3,FALSE,100,110,90,85,90,60,535
261,Poochyena,Dark,,3,FALSE,35,55,35,30,30,35,220
262,Mightyena,Dark,,3,FALSE,70,90,70,60,60,70,420
263,Zigzagoon,Normal,,3,FALSE,38,30,41,30,41,60,240
264,Linoone,Normal,,3,FALSE,78,70,61,50,61,100,420
265,Wurmple,Bug,,3,FALSE,45,45,35,20,30,20,195
266,Silcoon,Bug,,3,FALSE,50,35,55,25,25,15,205
267,Beautifly,Bug,Flying,3,FALSE,60,70,50,100,50,65,395
268,Cascoon,Bug,,3,FALSE,50,35,55,25,25,15,205
269,Dustox,Bug,Poison,3,FALSE,60,50,70,50,90,65,385
270,Lotad,Water,Grass,3,FALSE,40,30,30,40,50,30,220
271,Lombre,Water,Grass,3,FALSE,60,50,50,60,70,50,340
272,Ludicolo,Water,Grass,3,FALSE,80,70,70,90,100,70,480
273,Seedot,Grass,,3,FALSE,40,40,50,30,30,30,220
274,Nuzleaf,Grass,Dark,3,FALSE,70,70,40,60,40,60,340
275,Shiftry,Grass,Dark,3,FALSE,90,100,60,90,60,80,480
276,Taillow,Normal,Flying,3,FALSE,40,55,30,30,30,85,270
277,Swellow,Normal,Flying,3,FALSE,60,85,60,50,50,125,430
278,Wingull,Water,Flying,3,FALSE,40,30,30,55,30,85,270
279,Pelipper,Water,Flying,3,FALSE,60,50,100,85,70,65,430
280,Ralts,Psychic,Fairy,3,FALSE,28,25,25,45,35,40,198
281,Kirlia,Psychic,Fairy,3,FALSE,38,35,35,65,55,50,278
282,Gardevoir Mega Gardevoir,Psychic,Fairy,3,FALSE,68,85,65,165,135,100,618
282,Gardevoir,Psychic,Fairy,3,FALSE,68,65,65,125,115,80,518
283,Surskit,Bug,Water,3,FALSE,40,30,32,50,52,65,269
284,Masquerain,Bug,Flying,3,FALSE,70,60,62,80,82,60,414
285,Shroomish,Grass,,3,FALSE,60,40,60,40,60,35,295
286,Breloom,Grass,Fighting,3,FALSE,60,130,80,60,60,70,460
287,Slakoth,Normal,,3,FALSE,60,60,60,35,35,30,280
288,Vigoroth,Normal,,3,FALSE,80,80,80,55,55,90,440
289,Slaking,Normal,,3,FALSE,150,160,100,95,65,100,670
290,Nincada,Bug,Ground,3,FALSE,31,45,90,30,30,40,266
291,Ninjask,Bug,Flying,3,FALSE,61,90,45,50,50,160,456
292,Shedinja,Bug,Ghost,3,FALSE,1,90,45,30,30,40,236
293,Whismur,Normal,,3,FALSE,64,51,23,51,23,28,240
294,Loudred,Normal,,3,FALSE,84,71,43,71,43,48,360
295,Exploud,Normal,,3,FALSE,104,91,63,91,73,68,490
296,Makuhita,Fighting,,3,FALSE,72,60,30,20,30,25,237
297,Hariyama,Fighting,,3,FALSE,144,120,60,40,60,50,474
298,Azurill,Normal,Fairy,3,FALSE,50,20,40,20,40,20,190
299,Nosepass,Rock,,3,FALSE,30,45,135,45,90,30,375
300,Skitty,Normal,,3,FALSE,50,45,45,35,35,50,260
301,Delcatty,Normal,,3,FALSE,70,65,65,55,55,70,380
302,Sableye Mega Sableye,Dark,Ghost,3,FALSE,50,85,125,85,115,20,480
302,Sableye,Dark,Ghost,3,FALSE,50,75,75,65,65,50,380
303,Mawile Mega Mawile,Steel,Fairy,3,FALSE,50,105,125,55,95,50,480
303,Mawile,Steel,Fairy,3,FALSE,50,85,85,55,55,50,380
304,Aron,Steel,Rock,3,FALSE,50,70,100,40,40,30,330
305,Lairon,Steel,Rock,3,FALSE,60,90,140,50,50,40,430
306,Aggron Mega Aggron,Steel,,3,FALSE,70,140,230,60,80,50,630
306,Aggron,Steel,Rock,3,FALSE,70,110,180,60,60,50,530
307,Meditite,Fighting,Psychic,3,FALSE,30,40,55,40,55,60,280
308,Medicham Mega Medicham,Fighting,Psychic,3,FALSE,60,100,85,80,85,100,510
308,Medicham,Fighting,Psychic,3,FALSE,60,60,75,60,75,80,410
309,Electrike,Electric,,3,FALSE,40,45,40,65,40,65,295
310,Manectric Mega Manectric,Electric,,3,FALSE,70,75,80,135,80,135,575
310,Manectric,Electric,,3,FALSE,70,75,60,105,60,105,475
311,Plusle,Electric,,3,FALSE,60,50,40,85,75,95,405
312,Minun,Electric,,3,FALSE,60,40,50,75,85,95,405
313,Volbeat,Bug,,3,FALSE,65,73,55,47,75,85,400
314,Illumise,Bug,,3,FALSE,65,47,55,73,75,85,400
315,Roselia,Grass,Poison,3,FALSE,50,60,45,100,80,65,400
316,Gulpin,Poison,,3,FALSE,70,43,53,43,53,40,302
317,Swalot,Poison,,3,FALSE,100,73,83,73,83,55,467
318,Carvanha,Water,Dark,3,FALSE,45,90,20,65,20,65,305
319,Sharpedo Mega Sharpedo,Water,Dark,3,FALSE,70,140,70,110,65,105,560
319,Sharpedo,Water,Dark,3,FALSE,70,120,40,95,40,95,460
320,Wailmer,Water,,3,FALSE,130,70,35,70,35,60,400
321,Wailord,Water,,3,FALSE,170,90,45,90,45,60,500
322,Numel,Fire,Ground,3,FALSE,60,60,40,65,45,35,305
323,Camerupt Mega Camerupt,Fire,Ground,3,FALSE,70,120,100,145,105,20,560
323,Camerupt,Fire,Ground,3,FALSE,70,100,70,105,75,40,460
324,Torkoal,Fire,,3,FALSE,70,85,140,85,70,20,470
325,Spoink,Psychic,,3,FALSE,60,25,35,70,80,60,330
326,Grumpig,Psychic,,3,FALSE,80,45,65,90,110,80,470
327,Spinda,Normal,,3,FALSE,60,60,60,60,60,60,360
328,Trapinch,Ground,,3,FALSE,45,100,45,45,45,10,290
329,Vibrava,Ground,Dragon,3,FALSE,50,70,50,50,50,70,340
330,Flygon,Ground,Dragon,3,FALSE,80,100,80,80,80,100,520
331,Cacnea,Grass,,3,FALSE,50,85,40,85,40,35,335
332,Cacturne,Grass,Dark,3,FALSE,70,115,60,115,60,55,475
333,Swablu,Normal,Flying,3,FALSE,45,40,60,40,75,50,310
334,Altaria Mega Altaria,Dragon,Fairy,3,FALSE,75,110,110,110,105,80,590
334,Altaria,Dragon,Flying,3,FALSE,75,70,90,70,105,80,490
335,Zangoose,Normal,,3,FALSE,73,115,60,60,60,90,458
336,Seviper,Poison,,3,FALSE,73,100,60,100,60,65,458
337,Lunatone,Rock,Psychic,3,FALSE,70,55,65,95,85,70,440
338,Solrock,Rock,Psychic,3,FALSE,70,95,85,55,65,70,440
339,Barboach,Water,Ground,3,FALSE,50,48,43,46,41,60,288
340,Whiscash,Water,Ground,3,FALSE,110,78,73,76,71,60,468
341,Corphish,Water,,3,FALSE,43,80,65,50,35,35,308
342,Crawdaunt,Water,Dark,3,FALSE,63,120,85,90,55,55,468
343,Baltoy,Ground,Psychic,3,FALSE,40,40,55,40,70,55,300
344,Claydol,Ground,Psychic,3,FALSE,60,70,105,70,120,75,500
345,Lileep,Rock,Grass,3,FALSE,66,41,77,61,87,23,355
346,Cradily,Rock,Grass,3,FALSE,86,81,97,81,107,43,495
347,Anorith,Rock,Bug,3,FALSE,45,95,50,40,50,75,355
348,Armaldo,Rock,Bug,3,FALSE,75,125,100,70,80,45,495
349,Feebas,Water,,3,FALSE,20,15,20,10,55,80,200
350,Milotic,Water,,3,FALSE,95,60,79,100,125,81,540
351,Castform,Normal,,3,FALSE,70,70,70,70,70,70,420
352,Kecleon,Normal,,3,FALSE,60,90,70,60,120,40,440
353,Shuppet,Ghost,,3,FALSE,44,75,35,63,33,45,295
354,Banette Mega Banette,Ghost,,3,FALSE,64,165,75,93,83,75,555
354,Banette,Ghost,,3,FALSE,64,115,65,83,63,65,455
355,Duskull,Ghost,,3,FALSE,20,40,90,30,90,25,295
356,Dusclops,Ghost,,3,FALSE,40,70,130,60,130,25,455
357,Tropius,Grass,Flying,3,FALSE,99,68,83,72,87,51,460
358,Chimecho,Psychic,,3,FALSE,65,50,70,95,80,65,425
359,Absol Mega Absol,Dark,,3,FALSE,65,150,60,115,60,115,565
359,Absol,Dark,,3,FALSE,65,130,60,75,60,75,465
360,Wynaut,Psychic,,3,FALSE,95,23,48,23,48,23,260
361,Snorunt,Ice,,3,FALSE,50,50,50,50,50,50,300
362,Glalie Mega Glalie,Ice,,3,FALSE,80,120,80,120,80,100,580
362,Glalie,Ice,,3,FALSE,80,80,80,80,80,80,480
363,Spheal,Ice,Water,3,FALSE,70,40,50,55,50,25,290
364,Sealeo,Ice,Water,3,FALSE,90,60,70,75,70,45,410
365,Walrein,Ice,Water,3,FALSE,110,80,90,95,90,65,530
366,Clamperl,Water,,3,FALSE,35,64,85,74,55,32,345
367,Huntail,Water,,3,FALSE,55,104,105,94,75,52,485
368,Gorebyss,Water,,3,FALSE,55,84,105,114,75,52,485
369,Relicanth,Water,Rock,3,FALSE,100,90,130,45,65,55,485
370,Luvdisc,Water,,3,FALSE,43,30,55,40,65,97,330
371,Bagon,Dragon,,3,FALSE,45,75,60,40,30,50,300
372,Shelgon,Dragon,,3,FALSE,65,95,100,60,50,50,420
373,Salamence Mega Salamence,Dragon,Flying,3,FALSE,95,145,130,120,90,120,700
373,Salamence,Dragon,Flying,3,FALSE,95,135,80,110,80,100,600
374,Beldum,Steel,Psychic,3,FALSE,40,55,80,35,60,30,300
375,Metang,Steel,Psychic,3,FALSE,60,75,100,55,80,50,420
376,Metagross Mega Metagross,Steel,Psychic,3,FALSE,80,145,150,105,110,110,700
376,Metagross,Steel,Psychic,3,FALSE,80,135,130,95,90,70,600
377,Regirock,Rock,,3,TRUE,80,100,200,50,100,50,580
378,Regice,Ice,,3,TRUE,80,50,100,100,200,50,580
379,Registeel,Steel,,3,TRUE,80,75,150,75,150,50,580
380,Latias Mega Latias,Dragon,Psychic,3,TRUE,80,100,120,140,150,110,700
380,Latias,Dragon,Psychic,3,TRUE,80,80,90,110,130,110,600
381,Latios Mega Latios,Dragon,Psychic,3,TRUE,80,130,100,160,120,110,700
381,Latios,Dragon,Psychic,3,TRUE,80,90,80,130,110,110,600
382,Kyogre Primal Kyogre,Water,,3,TRUE,100,150,90,180,160,90,770
382,Kyogre,Water,,3,TRUE,100,100,90,150,140,90,670
383,Groudon Primal Groudon,Ground,Fire,3,TRUE,100,180,160,150,90,90,770
383,Groudon,Ground,,3,TRUE,100,150,140,100,90,90,670
384,Rayquaza Mega Rayquaza,Dragon,Flying,3,TRUE,105,180,100,180,100,115,780
384,Rayquaza,Dragon,Flying,3,TRUE,105,150,90,150,90,95,680
385,Jirachi,Steel,Psychic,3,TRUE,100,100,100,100,100,100,600
386,Deoxys Normal Forme,Psychic,,3,TRUE,50,150,50,150,50,150,600
386,Deoxys Attack Forme,Psychic,,3,TRUE,50,180,20,180,20,150,600
386,Deoxys Defense Forme,Psychic,,3,TRUE,50,70,160,70,160,90,600
386,Deoxys Speed Forme,Psychic,,3,TRUE,50,95,90,95,90,180,600
387,Turtwig,Grass,,4,FALSE,55,68,64,45,55,31,318
388,Grotle,Grass,,4,FALSE,75,89,85,55,65,36,405
389,Torterra,Grass,Ground,4,FALSE,95,109,105,75,85,56,525
390,Chimchar,Fire,,4,FALSE,44,58,44,58,44,61,309
391,Monferno,Fire,Fighting,4,FALSE,64,78,52,78,52,81,405
392,Infernape,Fire,Fighting,4,FALSE,76,104,71,104,71,108,534
393,Piplup,Water,,4,FALSE,53,51,53,61,56,40,314
394,Prinplup,Water,,4,FALSE,64,66,68,81,76,50,405
395,Empoleon,Water,Steel,4,FALSE,84,86,88,111,101,60,530
396,Starly,Normal,Flying,4,FALSE,40,55,30,30,30,60,245
397,Staravia,Normal,Flying,4,FALSE,55,75,50,40,40,80,340
398,Staraptor,Normal,Flying,4,FALSE,85,120,70,50,60,100,485
399,Bidoof,Normal,,4,FALSE,59,45,40,35,40,31,250
400,Bibarel,Normal,Water,4,FALSE,79,85,60,55,60,71,410
401,Kricketot,Bug,,4,FALSE,37,25,41,25,41,25,194
402,Kricketune,Bug,,4,FALSE,77,85,51,55,51,65,384
403,Shinx,Electric,,4,FALSE,45,65,34,40,34,45,263
404,Luxio,Electric,,4,FALSE,60,85,49,60,49,60,363
405,Luxray,Electric,,4,FALSE,80,120,79,95,79,70,523
406,Budew,Grass,Poison,4,FALSE,40,30,35,50,70,55,280
407,Roserade,Grass,Poison,4,FALSE,60,70,65,125,105,90,515
408,Cranidos,Rock,,4,FALSE,67,125,40,30,30,58,350
409,Rampardos,Rock,,4,FALSE,97,165,60,65,50,58,495
410,Shieldon,Rock,Steel,4,FALSE,30,42,118,42,88,30,350
411,Bastiodon,Rock,Steel,4,FALSE,60,52,168,47,138,30,495
412,Burmy,Bug,,4,FALSE,40,29,45,29,45,36,224
413,Wormadam Plant Cloak,Bug,Grass,4,FALSE,60,59,85,79,105,36,424
413,Wormadam Sandy Cloak,Bug,Ground,4,FALSE,60,79,105,59,85,36,424
413,Wormadam Trash Cloak,Bug,Steel,4,FALSE,60,69,95,69,95,36,424
414,Mothim,Bug,Flying,4,FALSE,70,94,50,94,50,66,424
415,Combee,Bug,Flying,4,FALSE,30,30,42,30,42,70,244
416,Vespiquen,Bug,Flying,4,FALSE,70,80,102,80,102,40,474
417,Pachirisu,Electric,,4,FALSE,60,45,70,45,90,95,405
418,Buizel,Water,,4,FALSE,55,65,35,60,30,85,330
419,Floatzel,Water,,4,FALSE,85,105,55,85,50,115,495
420,Cherubi,Grass,,4,FALSE,45,35,45,62,53,35,275
421,Cherrim,Grass,,4,FALSE,70,60,70,87,78,85,450
422,Shellos,Water,,4,FALSE,76,48,48,57,62,34,325
423,Gastrodon,Water,Ground,4,FALSE,111,83,68,92,82,39,475
424,Ambipom,Normal,,4,FALSE,75,100,66,60,66,115,482
425,Drifloon,Ghost,Flying,4,FALSE,90,50,34,60,44,70,348
426,Drifblim,Ghost,Flying,4,FALSE,150,80,44,90,54,80,498
427,Buneary,Normal,,4,FALSE,55,66,44,44,56,85,350
428,Lopunny Mega Lopunny,Normal,Fighting,4,FALSE,65,136,94,54,96,135,580
428,Lopunny,Normal,,4,FALSE,65,76,84,54,96,105,480
429,Mismagius,Ghost,,4,FALSE,60,60,60,105,105,105,495
430,Honchkrow,Dark,Flying,4,FALSE,100,125,52,105,52,71,505
431,Glameow,Normal,,4,FALSE,49,55,42,42,37,85,310
432,Purugly,Normal,,4,FALSE,71,82,64,64,59,112,452
433,Chingling,Psychic,,4,FALSE,45,30,50,65,50,45,285
434,Stunky,Poison,Dark,4,FALSE,63,63,47,41,41,74,329
435,Skuntank,Poison,Dark,4,FALSE,103,93,67,71,61,84,479
436,Bronzor,Steel,Psychic,4,FALSE,57,24,86,24,86,23,300
437,Bronzong,Steel,Psychic,4,FALSE,67,89,116,79,116,33,500
438,Bonsly,Rock,,4,FALSE,50,80,95,10,45,10,290
439,Mime Jr.,Psychic,Fairy,4,FALSE,20,25,45,70,90,60,310
440,Happiny,Normal,,4,FALSE,100,5,5,15,65,30,220
441,Chatot,Normal,Flying,4,FALSE,76,65,45,92,42,91,411
442,Spiritomb,Ghost,Dark,4,FALSE,50,92,108,92,108,35,485
443,Gible,Dragon,Ground,4,FALSE,58,70,45,40,45,42,300
444,Gabite,Dragon,Ground,4,FALSE,68,90,65,50,55,82,410
445,Garchomp Mega Garchomp,Dragon,Ground,4,FALSE,108,170,115,120,95,92,700
445,Garchomp,Dragon,Ground,4,FALSE,108,130,95,80,85,102,600
446,Munchlax,Normal,,4,FALSE,135,85,40,40,85,5,390
447,Riolu,Fighting,,4,FALSE,40,70,40,35,40,60,285
448,Lucario Mega Lucario,Fighting,Steel,4,FALSE,70,145,88,140,70,112,625
448,Lucario,Fighting,Steel,4,FALSE,70,110,70,115,70,90,525
449,Hippopotas,Ground,,4,FALSE,68,72,78,38,42,32,330
450,Hippowdon,Ground,,4,FALSE,108,112,118,68,72,47,525
451,Skorupi,Poison,Bug,4,FALSE,40,50,90,30,55,65,330
452,Drapion,Poison,Dark,4,FALSE,70,90,110,60,75,95,500
453,Croagunk,Poison,Fighting,4,FALSE,48,61,40,61,40,50,300
454,Toxicroak,Poison,Fighting,4,FALSE,83,106,65,86,65,85,490
455,Carnivine,Grass,,4,FALSE,74,100,72,90,72,46,454
456,Finneon,Water,,4,FALSE,49,49,56,49,61,66,330
457,Lumineon,Water,,4,FALSE,69,69,76,69,86,91,460
458,Mantyke,Water,Flying,4,FALSE,45,20,50,60,120,50,345
459,Snover,Grass,Ice,4,FALSE,60,62,50,62,60,40,334
460,Abomasnow Mega Abomasnow,Grass,Ice,4,FALSE,90,132,105,132,105,30,594
460,Abomasnow,Grass,Ice,4,FALSE,90,92,75,92,85,60,494
461,Weavile,Dark,Ice,4,FALSE,70,120,65,45,85,125,510
462,Magnezone,Electric,Steel,4,FALSE,70,70,115,130,90,60,535
463,Lickilicky,Normal,,4,FALSE,110,85,95,80,95,50,515
464,Rhyperior,Ground,Rock,4,FALSE,115,140,130,55,55,40,535
465,Tangrowth,Grass,,4,FALSE,100,100,125,110,50,50,535
466,Electivire,Electric,,4,FALSE,75,123,67,95,85,95,540
467,Magmortar,Fire,,4,FALSE,75,95,67,125,95,83,540
468,Togekiss,Fairy,Flying,4,FALSE,85,50,95,120,115,80,545
469,Yan Mega,Bug,Flying,4,FALSE,86,76,86,116,56,95,515
470,Leafeon,Grass,,4,FALSE,65,110,130,60,65,95,525
471,Glaceon,Ice,,4,FALSE,65,60,110,130,95,65,525
472,Gliscor,Ground,Flying,4,FALSE,75,95,125,45,75,95,510
473,Mamoswine,Ice,Ground,4,FALSE,110,130,80,70,60,80,530
474,Porygon-Z,Normal,,4,FALSE,85,80,70,135,75,90,535
475,Gallade Mega Gallade,Psychic,Fighting,4,FALSE,68,165,95,65,115,110,618
475,Gallade,Psychic,Fighting,4,FALSE,68,125,65,65,115,80,518
476,Probopass,Rock,Steel,4,FALSE,60,55,145,75,150,40,525
477,Dusknoir,Ghost,,4,FALSE,45,100,135,65,135,45,525
478,Froslass,Ice,Ghost,4,FALSE,70,80,70,80,70,110,480
479,Rotom Heat Rotom,Electric,Fire,4,FALSE,50,65,107,105,107,86,520
479,Rotom Wash Rotom,Electric,Water,4,FALSE,50,65,107,105,107,86,520
479,Rotom Frost Rotom,Electric,Ice,4,FALSE,50,65,107,105,107,86,520
479,Rotom Fan Rotom,Electric,Flying,4,FALSE,50,65,107,105,107,86,520
479,Rotom Mow Rotom,Electric,Grass,4,FALSE,50,65,107,105,107,86,520
479,Rotom,Electric,Ghost,4,FALSE,50,50,77,95,77,91,440
480,Uxie,Psychic,,4,TRUE,75,75,130,75,130,95,580
481,Mesprit,Psychic,,4,TRUE,80,105,105,105,105,80,580
482,Azelf,Psychic,,4,TRUE,75,125,70,125,70,115,580
483,Dialga,Steel,Dragon,4,TRUE,100,120,120,150,100,90,680
484,Palkia,Water,Dragon,4,TRUE,90,120,100,150,120,100,680
485,Heatran,Fire,Steel,4,TRUE,91,90,106,130,106,77,600
486,Regigigas,Normal,,4,TRUE,110,160,110,80,110,100,670
487,Giratina Altered Forme,Ghost,Dragon,4,TRUE,150,100,120,100,120,90,680
487,Giratina Origin Forme,Ghost,Dragon,4,TRUE,150,120,100,120,100,90,680
488,Cresselia,Psychic,,4,FALSE,120,70,120,75,130,85,600
489,Phione,Water,,4,FALSE,80,80,80,80,80,80,480
490,Manaphy,Water,,4,FALSE,100,100,100,100,100,100,600
491,Darkrai,Dark,,4,TRUE,70,90,90,135,90,125,600
492,Shaymin Land Forme,Grass,,4,TRUE,100,100,100,100,100,100,600
492,Shaymin Sky Forme,Grass,Flying,4,TRUE,100,103,75,120,75,127,600
493,Arceus,Normal,,4,TRUE,120,120,120,120,120,120,720
494,Victini,Psychic,Fire,5,TRUE,100,100,100,100,100,100,600
495,Snivy,Grass,,5,FALSE,45,45,55,45,55,63,308
496,Servine,Grass,,5,FALSE,60,60,75,60,75,83,413
497,Serperior,Grass,,5,FALSE,75,75,95,75,95,113,528
498,Tepig,Fire,,5,FALSE,65,63,45,45,45,45,308
499,Pignite,Fire,Fighting,5,FALSE,90,93,55,70,55,55,418
500,Emboar,Fire,Fighting,5,FALSE,110,123,65,100,65,65,528
501,Oshawott,Water,,5,FALSE,55,55,45,63,45,45,308
502,Dewott,Water,,5,FALSE,75,75,60,83,60,60,413
503,Samurott,Water,,5,FALSE,95,100,85,108,70,70,528
504,Patrat,Normal,,5,FALSE,45,55,39,35,39,42,255
505,Watchog,Normal,,5,FALSE,60,85,69,60,69,77,420
506,Lillipup,Normal,,5,FALSE,45,60,45,25,45,55,275
507,Herdier,Normal,,5,FALSE,65,80,65,35,65,60,370
508,Stoutland,Normal,,5,FALSE,85,110,90,45,90,80,500
509,Purrloin,Dark,,5,FALSE,41,50,37,50,37,66,281
510,Liepard,Dark,,5,FALSE,64,88,50,88,50,106,446
511,Pansage,Grass,,5,FALSE,50,53,48,53,48,64,316
512,Simisage,Grass,,5,FALSE,75,98,63,98,63,101,498
513,Pansear,Fire,,5,FALSE,50,53,48,53,48,64,316
514,Simisear,Fire,,5,FALSE,75,98,63,98,63,101,498
515,Panpour,Water,,5,FALSE,50,53,48,53,48,64,316
516,Simipour,Water,,5,FALSE,75,98,63,98,63,101,498
517,Munna,Psychic,,5,FALSE,76,25,45,67,55,24,292
518,Musharna,Psychic,,5,FALSE,116,55,85,107,95,29,487
519,Pidove,Normal,Flying,5,FALSE,50,55,50,36,30,43,264
520,Tranquill,Normal,Flying,5,FALSE,62,77,62,50,42,65,358
521,Unfezant,Normal,Flying,5,FALSE,80,115,80,65,55,93,488
522,Blitzle,Electric,,5,FALSE,45,60,32,50,32,76,295
523,Zebstrika,Electric,,5,FALSE,75,100,63,80,63,116,497
524,Roggenrola,Rock,,5,FALSE,55,75,85,25,25,15,280
525,Boldore,Rock,,5,FALSE,70,105,105,50,40,20,390
526,Gigalith,Rock,,5,FALSE,85,135,130,60,80,25,515
527,Woobat,Psychic,Flying,5,FALSE,55,45,43,55,43,72,313
528,Swoobat,Psychic,Flying,5,FALSE,67,57,55,77,55,114,425
529,Drilbur,Ground,,5,FALSE,60,85,40,30,45,68,328
530,Excadrill,Ground,Steel,5,FALSE,110,135,60,50,65,88,508
531,Audino Mega Audino,Normal,Fairy,5,FALSE,103,60,126,80,126,50,545
531,Audino,Normal,,5,FALSE,103,60,86,60,86,50,445
532,Timburr,Fighting,,5,FALSE,75,80,55,25,35,35,305
533,Gurdurr,Fighting,,5,FALSE,85,105,85,40,50,40,405
534,Conkeldurr,Fighting,,5,FALSE,105,140,95,55,65,45,505
535,Tympole,Water,,5,FALSE,50,50,40,50,40,64,294
536,Palpitoad,Water,Ground,5,FALSE,75,65,55,65,55,69,384
537,Seismitoad,Water,Ground,5,FALSE,105,95,75,85,75,74,509
538,Throh,Fighting,,5,FALSE,120,100,85,30,85,45,465
539,Sawk,Fighting,,5,FALSE,75,125,75,30,75,85,465
540,Sewaddle,Bug,Grass,5,FALSE,45,53,70,40,60,42,310
541,Swadloon,Bug,Grass,5,FALSE,55,63,90,50,80,42,380
542,Leavanny,Bug,Grass,5,FALSE,75,103,80,70,80,92,500
543,Venipede,Bug,Poison,5,FALSE,30,45,59,30,39,57,260
544,Whirlipede,Bug,Poison,5,FALSE,40,55,99,40,79,47,360
545,Scolipede,Bug,Poison,5,FALSE,60,100,89,55,69,112,485
546,Cottonee,Grass,Fairy,5,FALSE,40,27,60,37,50,66,280
547,Whimsicott,Grass,Fairy,5,FALSE,60,67,85,77,75,116,480
548,Petilil,Grass,,5,FALSE,45,35,50,70,50,30,280
549,Lilligant,Grass,,5,FALSE,70,60,75,110,75,90,480
550,Basculin,Water,,5,FALSE,70,92,65,80,55,98,460
551,Sandile,Ground,Dark,5,FALSE,50,72,35,35,35,65,292
552,Krokorok,Ground,Dark,5,FALSE,60,82,45,45,45,74,351
553,Krookodile,Ground,Dark,5,FALSE,95,117,80,65,70,92,519
554,Darumaka,Fire,,5,FALSE,70,90,45,15,45,50,315
555,Darmanitan Zen Mode,Fire,Psychic,5,FALSE,105,30,105,140,105,55,540
555,Darmanitan Standard Mode,Fire,,5,FALSE,105,140,55,30,55,95,480
556,Maractus,Grass,,5,FALSE,75,86,67,106,67,60,461
557,Dwebble,Bug,Rock,5,FALSE,50,65,85,35,35,55,325
558,Crustle,Bug,Rock,5,FALSE,70,95,125,65,75,45,475
559,Scraggy,Dark,Fighting,5,FALSE,50,75,70,35,70,48,348
560,Scrafty,Dark,Fighting,5,FALSE,65,90,115,45,115,58,488
561,Sigilyph,Psychic,Flying,5,FALSE,72,58,80,103,80,97,490
562,Yamask,Ghost,,5,FALSE,38,30,85,55,65,30,303
563,Cofagrigus,Ghost,,5,FALSE,58,50,145,95,105,30,483
564,Tirtouga,Water,Rock,5,FALSE,54,78,103,53,45,22,355
565,Carracosta,Water,Rock,5,FALSE,74,108,133,83,65,32,495
566,Archen,Rock,Flying,5,FALSE,55,112,45,74,45,70,401
567,Archeops,Rock,Flying,5,FALSE,75,140,65,112,65,110,567
568,Trubbish,Poison,,5,FALSE,50,50,62,40,62,65,329
569,Garbodor,Poison,,5,FALSE,80,95,82,60,82,75,474
570,Zorua,Dark,,5,FALSE,40,65,40,80,40,65,330
571,Zoroark,Dark,,5,FALSE,60,105,60,120,60,105,510
572,Minccino,Normal,,5,FALSE,55,50,40,40,40,75,300
573,Cinccino,Normal,,5,FALSE,75,95,60,65,60,115,470
574,Gothita,Psychic,,5,FALSE,45,30,50,55,65,45,290
575,Gothorita,Psychic,,5,FALSE,60,45,70,75,85,55,390
576,Gothitelle,Psychic,,5,FALSE,70,55,95,95,110,65,490
577,Solosis,Psychic,,5,FALSE,45,30,40,105,50,20,290
578,Duosion,Psychic,,5,FALSE,65,40,50,125,60,30,370
579,Reuniclus,Psychic,,5,FALSE,110,65,75,125,85,30,490
580,Ducklett,Water,Flying,5,FALSE,62,44,50,44,50,55,305
581,Swanna,Water,Flying,5,FALSE,75,87,63,87,63,98,473
582,Vanillite,Ice,,5,FALSE,36,50,50,65,60,44,305
583,Vanillish,Ice,,5,FALSE,51,65,65,80,75,59,395
584,Vanilluxe,Ice,,5,FALSE,71,95,85,110,95,79,535
585,Deerling,Normal,Grass,5,FALSE,60,60,50,40,50,75,335
586,Sawsbuck,Normal,Grass,5,FALSE,80,100,70,60,70,95,475
587,Emolga,Electric,Flying,5,FALSE,55,75,60,75,60,103,428
588,Karrablast,Bug,,5,FALSE,50,75,45,40,45,60,315
589,Escavalier,Bug,Steel,5,FALSE,70,135,105,60,105,20,495
590,Foongus,Grass,Poison,5,FALSE,69,55,45,55,55,15,294
591,Amoonguss,Grass,Poison,5,FALSE,114,85,70,85,80,30,464
592,Frillish,Water,Ghost,5,FALSE,55,40,50,65,85,40,335
593,Jellicent,Water,Ghost,5,FALSE,100,60,70,85,105,60,480
594,Alomomola,Water,,5,FALSE,165,75,80,40,45,65,470
595,Joltik,Bug,Electric,5,FALSE,50,47,50,57,50,65,319
596,Galvantula,Bug,Electric,5,FALSE,70,77,60,97,60,108,472
597,Ferroseed,Grass,Steel,5,FALSE,44,50,91,24,86,10,305
598,Ferrothorn,Grass,Steel,5,FALSE,74,94,131,54,116,20,489
599,Klink,Steel,,5,FALSE,40,55,70,45,60,30,300
600,Klang,Steel,,5,FALSE,60,80,95,70,85,50,440
601,Klinklang,Steel,,5,FALSE,60,100,115,70,85,90,520
602,Tynamo,Electric,,5,FALSE,35,55,40,45,40,60,275
603,Eelektrik,Electric,,5,FALSE,65,85,70,75,70,40,405
604,Eelektross,Electric,,5,FALSE,85,115,80,105,80,50,515
605,Elgyem,Psychic,,5,FALSE,55,55,55,85,55,30,335
606,Beheeyem,Psychic,,5,FALSE,75,75,75,125,95,40,485
607,Litwick,Ghost,Fire,5,FALSE,50,30,55,65,55,20,275
608,Lampent,Ghost,Fire,5,FALSE,60,40,60,95,60,55,370
609,Chandelure,Ghost,Fire,5,FALSE,60,55,90,145,90,80,520
610,Axew,Dragon,,5,FALSE,46,87,60,30,40,57,320
611,Fraxure,Dragon,,5,FALSE,66,117,70,40,50,67,410
612,Haxorus,Dragon,,5,FALSE,76,147,90,60,70,97,540
613,Cubchoo,Ice,,5,FALSE,55,70,40,60,40,40,305
614,Beartic,Ice,,5,FALSE,95,110,80,70,80,50,485
615,Cryogonal,Ice,,5,FALSE,70,50,30,95,135,105,485
616,Shelmet,Bug,,5,FALSE,50,40,85,40,65,25,305
617,Accelgor,Bug,,5,FALSE,80,70,40,100,60,145,495
618,Stunfisk,Ground,Electric,5,FALSE,109,66,84,81,99,32,471
619,Mienfoo,Fighting,,5,FALSE,45,85,50,55,50,65,350
620,Mienshao,Fighting,,5,FALSE,65,125,60,95,60,105,510
621,Druddigon,Dragon,,5,FALSE,77,120,90,60,90,48,485
622,Golett,Ground,Ghost,5,FALSE,59,74,50,35,50,35,303
623,Golurk,Ground,Ghost,5,FALSE,89,124,80,55,80,55,483
624,Pawniard,Dark,Steel,5,FALSE,45,85,70,40,40,60,340
625,Bisharp,Dark,Steel,5,FALSE,65,125,100,60,70,70,490
626,Bouffalant,Normal,,5,FALSE,95,110,95,40,95,55,490
627,Rufflet,Normal,Flying,5,FALSE,70,83,50,37,50,60,350
628,Braviary,Normal,Flying,5,FALSE,100,123,75,57,75,80,510
629,Vullaby,Dark,Flying,5,FALSE,70,55,75,45,65,60,370
630,Mandibuzz,Dark,Flying,5,FALSE,110,65,105,55,95,80,510
631,Heatmor,Fire,,5,FALSE,85,97,66,105,66,65,484
632,Durant,Bug,Steel,5,FALSE,58,109,112,48,48,109,484
633,Deino,Dark,Dragon,5,FALSE,52,65,50,45,50,38,300
634,Zweilous,Dark,Dragon,5,FALSE,72,85,70,65,70,58,420
635,Hydreigon,Dark,Dragon,5,FALSE,92,105,90,125,90,98,600
636,Larvesta,Bug,Fire,5,FALSE,55,85,55,50,55,60,360
637,Volcarona,Bug,Fire,5,FALSE,85,60,65,135,105,100,550
638,Cobalion,Steel,Fighting,5,TRUE,91,90,129,90,72,108,580
639,Terrakion,Rock,Fighting,5,TRUE,91,129,90,72,90,108,580
640,Virizion,Grass,Fighting,5,TRUE,91,90,72,90,129,108,580
641,Tornadus Incarnate Forme,Flying,,5,TRUE,79,115,70,125,80,111,580
641,Tornadus Therian Forme,Flying,,5,TRUE,79,100,80,110,90,121,580
642,Thundurus Incarnate Forme,Electric,Flying,5,TRUE,79,115,70,125,80,111,580
642,Thundurus Therian Forme,Electric,Flying,5,TRUE,79,105,70,145,80,101,580
643,Reshiram,Dragon,Fire,5,TRUE,100,120,100,150,120,90,680
644,Zekrom,Dragon,Electric,5,TRUE,100,150,120,120,100,90,680
645,Landorus Incarnate Forme,Ground,Flying,5,TRUE,89,125,90,115,80,101,600
645,Landorus Therian Forme,Ground,Flying,5,TRUE,89,145,90,105,80,91,600
646,KyuremBlack Kyurem,Dragon,Ice,5,TRUE,125,170,100,120,90,95,700
646,KyuremWhite Kyurem,Dragon,Ice,5,TRUE,125,120,90,170,100,95,700
646,Kyurem,Dragon,Ice,5,TRUE,125,130,90,130,90,95,660
647,Keldeo Ordinary Forme,Water,Fighting,5,FALSE,91,72,90,129,90,108,580
647,Keldeo Resolute Forme,Water,Fighting,5,FALSE,91,72,90,129,90,108,580
648,Meloetta Aria Forme,Normal,Psychic,5,FALSE,100,77,77,128,128,90,600
648,Meloetta Pirouette Forme,Normal,Fighting,5,FALSE,100,128,90,77,77,128,600
649,Genesect,Bug,Steel,5,FALSE,71,120,95,120,95,99,600
650,Chespin,Grass,,6,FALSE,56,61,65,48,45,38,313
651,Quilladin,Grass,,6,FALSE,61,78,95,56,58,57,405
652,Chesnaught,Grass,Fighting,6,FALSE,88,107,122,74,75,64,530
653,Fennekin,Fire,,6,FALSE,40,45,40,62,60,60,307
654,Braixen,Fire,,6,FALSE,59,59,58,90,70,73,409
655,Delphox,Fire,Psychic,6,FALSE,75,69,72,114,100,104,534
656,Froakie,Water,,6,FALSE,41,56,40,62,44,71,314
657,Frogadier,Water,,6,FALSE,54,63,52,83,56,97,405
658,Greninja,Water,Dark,6,FALSE,72,95,67,103,71,122,530
659,Bunnelby,Normal,,6,FALSE,38,36,38,32,36,57,237
660,Diggersby,Normal,Ground,6,FALSE,85,56,77,50,77,78,423
661,Fletchling,Normal,Flying,6,FALSE,45,50,43,40,38,62,278
662,Fletchinder,Fire,Flying,6,FALSE,62,73,55,56,52,84,382
663,Talonflame,Fire,Flying,6,FALSE,78,81,71,74,69,126,499
664,Scatterbug,Bug,,6,FALSE,38,35,40,27,25,35,200
665,Spewpa,Bug,,6,FALSE,45,22,60,27,30,29,213
666,Vivillon,Bug,Flying,6,FALSE,80,52,50,90,50,89,411
667,Litleo,Fire,Normal,6,FALSE,62,50,58,73,54,72,369
668,Pyroar,Fire,Normal,6,FALSE,86,68,72,109,66,106,507
669,Flabébé,Fairy,,6,FALSE,44,38,39,61,79,42,303
670,Floette,Fairy,,6,FALSE,54,45,47,75,98,52,371
671,Florges,Fairy,,6,FALSE,78,65,68,112,154,75,552
672,Skiddo,Grass,,6,FALSE,66,65,48,62,57,52,350
673,Gogoat,Grass,,6,FALSE,123,100,62,97,81,68,531
674,Pancham,Fighting,,6,FALSE,67,82,62,46,48,43,348
675,Pangoro,Fighting,Dark,6,FALSE,95,124,78,69,71,58,495
676,Furfrou,Normal,,6,FALSE,75,80,60,65,90,102,472
677,Espurr,Psychic,,6,FALSE,62,48,54,63,60,68,355
678,Meowstic Male,Psychic,,6,FALSE,74,48,76,83,81,104,466
678,Meowstic Female,Psychic,,6,FALSE,74,48,76,83,81,104,466
679,Honedge,Steel,Ghost,6,FALSE,45,80,100,35,37,28,325
680,Doublade,Steel,Ghost,6,FALSE,59,110,150,45,49,35,448
681,Aegislash Blade Forme,Steel,Ghost,6,FALSE,60,150,50,150,50,60,520
681,Aegislash Shield Forme,Steel,Ghost,6,FALSE,60,50,150,50,150,60,520
682,Spritzee,Fairy,,6,FALSE,78,52,60,63,65,23,341
683,Aromatisse,Fairy,,6,FALSE,101,72,72,99,89,29,462
684,Swirlix,Fairy,,6,FALSE,62,48,66,59,57,49,341
685,Slurpuff,Fairy,,6,FALSE,82,80,86,85,75,72,480
686,Inkay,Dark,Psychic,6,FALSE,53,54,53,37,46,45,288
687,Malamar,Dark,Psychic,6,FALSE,86,92,88,68,75,73,482
688,Binacle,Rock,Water,6,FALSE,42,52,67,39,56,50,306
689,Barbaracle,Rock,Water,6,FALSE,72,105,115,54,86,68,500
690,Skrelp,Poison,Water,6,FALSE,50,60,60,60,60,30,320
691,Dragalge,Poison,Dragon,6,FALSE,65,75,90,97,123,44,494
692,Clauncher,Water,,6,FALSE,50,53,62,58,63,44,330
693,Clawitzer,Water,,6,FALSE,71,73,88,120,89,59,500
694,Helioptile,Electric,Normal,6,FALSE,44,38,33,61,43,70,289
695,Heliolisk,Electric,Normal,6,FALSE,62,55,52,109,94,109,481
696,Tyrunt,Rock,Dragon,6,FALSE,58,89,77,45,45,48,362
697,Tyrantrum,Rock,Dragon,6,FALSE,82,121,119,69,59,71,521
698,Amaura,Rock,Ice,6,FALSE,77,59,50,67,63,46,362
699,Aurorus,Rock,Ice,6,FALSE,123,77,72,99,92,58,521
700,Sylveon,Fairy,,6,FALSE,95,65,65,110,130,60,525
701,Hawlucha,Fighting,Flying,6,FALSE,78,92,75,74,63,118,500
702,Dedenne,Electric,Fairy,6,FALSE,67,58,57,81,67,101,431
703,Carbink,Rock,Fairy,6,FALSE,50,50,150,50,150,50,500
704,Goomy,Dragon,,6,FALSE,45,50,35,55,75,40,300
705,Sliggoo,Dragon,,6,FALSE,68,75,53,83,113,60,452
706,Goodra,Dragon,,6,FALSE,90,100,70,110,150,80,600
707,Klefki,Steel,Fairy,6,FALSE,57,80,91,80,87,75,470
708,Phantump,Ghost,Grass,6,FALSE,43,70,48,50,60,38,309
709,Trevenant,Ghost,Grass,6,FALSE,85,110,76,65,82,56,474
710,Pumpkaboo Average Size,Ghost,Grass,6,FALSE,49,66,70,44,55,51,335
710,Pumpkaboo Small Size,Ghost,Grass,6,FALSE,44,66,70,44,55,56,335
710,Pumpkaboo Large Size,Ghost,Grass,6,FALSE,54,66,70,44,55,46,335
710,Pumpkaboo Super Size,Ghost,Grass,6,FALSE,59,66,70,44,55,41,335
711,GourgeistAverage Size,Ghost,Grass,6,FALSE,65,90,122,58,75,84,494
711,GourgeistSmall Size,Ghost,Grass,6,FALSE,55,85,122,58,75,99,494
711,GourgeistLarge Size,Ghost,Grass,6,FALSE,75,95,122,58,75,69,494
711,GourgeistSuper Size,Ghost,Grass,6,FALSE,85,100,122,58,75,54,494
712,Bergmite,Ice,,6,FALSE,55,69,85,32,35,28,304
713,Avalugg,Ice,,6,FALSE,95,117,184,44,46,28,514
714,Noibat,Flying,Dragon,6,FALSE,40,30,35,45,40,55,245
715,Noivern,Flying,Dragon,6,FALSE,85,70,80,97,80,123,535
716,Xerneas,Fairy,,6,TRUE,126,131,95,131,98,99,680
717,Yveltal,Dark,Flying,6,TRUE,126,131,95,131,98,99,680
718,Zygarde 50% Forme,Dragon,Ground,6,TRUE,108,100,121,81,95,95,600
719,Diancie Mega Diancie,Rock,Fairy,6,TRUE,50,160,110,160,110,110,700
719,Diancie,Rock,Fairy,6,TRUE,50,100,150,100,150,50,600
720,Hoopa Hoopa Unbound,Psychic,Dark,6,TRUE,80,160,60,170,130,80,680
720,Hoopa Hoopa Confined,Psychic,Ghost,6,TRUE,80,110,60,150,130,70,600
721,Volcanion,Fire,Water,6,TRUE,80,110,120,130,90,70,600
