Brand,Variety,Style,Country,Stars
New Touch,T's Restaurant Tantanmen ,Cup,Japan,3.75
Just Way,Noodles Spicy Hot Sesame Spicy Hot Sesame Guan-miao Noodles,Pack,Taiwan,1
Nissin,Cup Noodles Chicken Vegetable,Cup,USA,2.25
Wei Lih,GGE Ramen Snack Tomato Flavor,Pack,Taiwan,2.75
Ching's Secret,Singapore Curry,Pack,India,3.75
Samyang Foods,Kimchi song Song Ramen,Pack,South Korea,4.75
Acecook,Spice Deli Tantan Men With Cilantro,Cup,Japan,4
Ikeda Shoku,Nabeyaki Kitsune Udon,Tray,Japan,3.75
Ripe'n'Dry,Hokkaido Soy Sauce Ramen,Pack,Japan,0.25
KOKA,The Original Spicy Stir-Fried Noodles,Pack,Singapore,2.5
Tao Kae Noi,Creamy tom Yum Kung Flavour,Pack,Thailand,5
Yamachan,Yokohama Tonkotsu Shoyu,Pack,USA,5
Nongshim,Mr. Bibim Stir-Fried Kimchi Flavor,Pack,South Korea,4.25
Nissin,Deka Buto Kimchi Pork Flavor,Bowl,Japan,4.5
Nissin,Demae Ramen Bar Noodle Aka Tonkotsu Flavour Instant Noodle,Pack,Hong Kong,5
KOKA,Mushroom Flavour Instant Noodles,Cup,Singapore,3.5
TRDP,Mario Masala Noodles,Pack,India,3.75
Yamachan,Tokyo Shoyu Ramen,Pack,USA,5
Binh Tay,Mi Hai Cua,Pack,Vietnam,4
Paldo,Premium Gomtang,Pack,South Korea,4
Nissin,Cup Noodles Laksa Flavour,Cup,Hong Kong,4.25
Jackpot Teriyaki,Beef Ramen,Pack,USA,5
KOKA,Creamy Soup With Crushed Noodles Hot & Sour Fish Flavor,Cup,Singapore,5
Yamachan,Sapporo Miso Ramen,Pack,USA,4.75
Ching's Secret,Hot Garlic Instant Noodles,Pack,India,4.25
Samyang Foods,Song Song Kimchi Big Bowl,Bowl,South Korea,4.25
Yum-Mie,Instant Noodles Beef In Light Soup Flavour,Pack,Ghana,3.5
Nissin,Hakata Ramen Noodle White Tonkotsu,Bowl,Japan,4.75
MyKuali,Penang White Curry Rice Vermicelli Soup,Bowl,Malaysia,5
KOKA,Signature Tom Yum Flavor Instant Noodles,Pack,Singapore,4
Samyang Foods,Paegaejang Ramen,Pack,South Korea,5
Nissin,Gekikara Ramen Extra Hot Ramen Goreng,Pack,Indonesia,4.5
Ottogi,Plain Instant Noodle No Soup Included,Pack,South Korea,0
Sichuan Guangyou,Chongqing Spicy Hot Noodles,Bowl,China,4
New Touch,Sugo-Men Kyoto Backfat Shoyu Ramen,Bowl,Japan,3.75
KOKA,Instant Noodles Laksa Singapura Flavour,Pack,Singapore,5
Lipton,Cup-A-Soup Chicken Noodle With White Meat Instant Soup,Box,USA,1.5
KOKA,Curry Flavour Instant Noodles,Cup,Singapore,5
Acecook,Super Cup Yochan Ika Yakisoba,Tray,Japan,1.5
Nissin,Cup Noodles Very Veggie Spicy Chicken Flavor Ramen Noodle Soup,Cup,USA,5
Wei Lih,GGE Noodle Snack Wheat Crackers Mexican Spicy,Pack,Taiwan,3.25
Nissin,Demae Iccho Tonkotsu Flavour Instant Noodle,Cup,Hong Kong,3.75
Nissin,Cup Noodles Very Veggie Beef Flavor Ramen Noodle Soup,Cup,USA,5
Nissin,Cup NoodlesTom Yam Seafood (More Shrimptacular),Cup,Singapore,5
Lele,Instant Noodles Beef,Pack,Ghana,3.5
Nissin,Cup Noodles Very Veggie Chicken Flavor Ramen Noodle Soup,Cup,USA,5
Fujiwara,Hokkaido Hakodate Shoyu Ramen,Pack,Japan,4
Nongshim,Shin Ramyun Black,Pack,South Korea,5
Nissin,Nippon Onomichi Ramen,Bowl,Japan,4.75
Uni-President,Pickled Cabbage Beef,Pack,China,4.25
Ottogi,Ppushu Ppushu Noodle Snack Honey Butter ,Pack,South Korea,2
Maruchan,Gotsumori Chanpon Ramen,Bowl,Japan,4.5
Prima,Juzz's Mee Creamy Chicken Flavour (Export Version),Pack,Singapore,5
Uni-President,Mushroom Flavor,Pack,Vietnam,0
Samyang Foods,Jjamppong Big Bowl,Bowl,South Korea,4.5
Sokensha,Curry Udon,Pack,Japan,3.5
Nissin,Straits Reborn Laksa,Pack,Singapore,5
Nongshim,Budae Jjigae Noodle Soup,Pack,South Korea,4.5
Takamori,Hearty Japanese Style Curry Udon,Pack,Japan,5
Nissin,Cup Noodles Potato Chips Black Pepper Crab Flavour,Pack,Singapore,4.5
Nissin,Cup Noodles Blacl Pepper Crab Flavour (More Angry Crab),Cup,Singapore,5
Guava Story,Anchovy Flavor Guava Rice Noodles,Tray,South Korea,1
Samurai Ramen,Umami Ramen,Pack,Japan,4
Ikeda Shoku,Nabeyaki Tempura Udoin,Bowl,Japan,4.5
Fujiwara,Hokkaido Hakodate Miso Ramen,Pack,Japan,3.5
Uni-President,Man Han Feast Spicy Beef Flavor Instant Noodles,Bowl,Taiwan,5
Ogasawara,Kirin Giraffe Shoyu Ramen,Pack,Japan,4.5
Pringles,Nissin Top Ramen Chicken Flavor Potato Crisps ,Can,USA,3.5
Mom's Dry Noodle,Dan Dan Noodle,Pack,Taiwan,5
Samyang Foods,Samyang Ramen Classic Edition,Bowl,South Korea,5
MyKuali,Penang Red Tom Yum Goong Noodle,Pack,Malaysia,5
Maggi,Hot Heads Green Chilli Noodles,Pack,India,3.5
Samyang Foods,Mala Buldak Bokkeummyun,Pack,South Korea,3.75
Indomie,RMy Noodlez Rumput Laut,Pack,Indonesia,4
KOKA,Delight Chicken Flavor Instant Non-Fried Noodles,Pack,Singapore,3.75
Acecook,Super Cup Torigawa Shoyu,Bowl,Japan,3.5
Nongshim,Shin Ramyun,Pack,South Korea,3
Sichuan Guangyou,Sweet Potato Instant Noodle Sout-Hot Flavor,Bowl,China,0
Indomie,Onion Chicken Flavor,Pack,Nigeria,1.5
Happy Cook,Toona Paste Noodle,Pack,Taiwan,4
The Ramen Rater Select,Supreme Creamy Tom Yum Noodle,Box,Malaysia,5
KOKA,Creamy Soup With Crushed Noodles Chicken Flavor,Cup,Singapore,5
Nissin,Demae Ramen Spicy Beef,Pack,Germany,3.75
Nissin,Cup Noodles Spicy,Cup,Germany,3.75
Nissin,Soba Thai,Pack,Germany,4.5
Nissin,Cup Noodles Huhn (Chicken),Cup,Germany,3.75
Nissin,Demae Ramen Korean Kimchi,Pack,Germany,3.5
Nissin,Cup Noodles Curry,Cup,Germany,3.75
Nissin,Smack Chili,Pack,Hungary,3.75
Nissin,Soba Yakitori Chicken,Cup,Germany,5
Nissin,Demae Ramen Garlic Chicken,Pack,Germany,3.5
Nissin,Cup Noodles Ente (Duck),Cup,Germany,3
Nissin,Demae Ramen Thai Tom Yum,Pack,Germany,3.75
Nissin,Soba Sukiyaki Beef,Cup,Germany,4.5
Nissin,Demae Ramen Spicy,Pack,Germany,3.5
Nissin,Cup Noodles Shrimps,Cup,Germany,3
Nissin,Demae Ramen Tokyo Soy Sauce,Pack,Germany,4
Paldo,Bul Jjamppong,Bowl,South Korea,5
TTL,Chicken With Chinese Shaoxing Wine,Pack,Taiwan,4.75
Samyang Foods,Buldak Bokkeummyun,Cup,South Korea,3.75
Acecook,Pork Wantan Men,Bowl,Japan,4.25
E-Zee,Instant Noodles Chicken Flavour,Pack,Malaysia,4
Kiki Noodle,Scallion Oil & Soy Sauce Noodle,Pack,Taiwan,5
Kiki Noodle,Sichuan Spices Flavor Noodle,Pack,Taiwan,5
Samyang Foods,Kimchi Stew Ramyun,Bowl,South Korea,4
Maruchan,Seimen Red Spicy Dandan Men,Bowl,Japan,4.75
Ottogi,Ppushu Ppushu Noodle Snack Chilli Cheese Flavor,Pack,South Korea,4.25
Tokyo Noodle,Mini Instant Noodle Mild Curry Flavor,Pack,Japan,2
GGE,Noodle Snack Wheat Cracks Seaweed Flavor,Pack,Taiwan,3.5
Nissin,Cup Noodles Mini Seafood Flavour,Cup,Hong Kong,5
Myojo,Udon Japanese Style Noodles With Soup Base Hot & Sour Flavor,Pack,USA,3.75
KOKA,Signature Curry Flavor Instant Noodles,Cup,Singapore,3.5
Acecook,Dossari Yasai Chanpon,Cup,Japan,4.25
Paldo,Volcano Curry Kkokkomyun,Pack,South Korea,3.5
Sau Tao,Instant Noodle King Pepper Duck Flavour Soup,Pack,Hong Kong,4
Nissin,Cup Noodles XO Sauce Seafood,Cup,China,3.75
Wang,Extreme Spicy Hot Chicken Flavor Udon,Bowl,South Korea,2
Nissin,Gekikara Ramen Rasa Pedas,Pack,Indonesia,3.25
TTL,Sesame Oil Chicken Noodle With Rice Wine,Bowl,Taiwan,5
Fujiwara,Hokkaido Hakodate Shio Ramen,Pack,Japan,4.5
Daifuku,Katsuo Bowl Udon,Bowl,USA,5
Nissin,Cup Noodles MUG Shoyu & Seafood,Pack,Japan,3.5
Samyang Foods,Sari Ramen,Pack,South Korea,0
KOKA,Instant Noodles Chicken Satay Flavour,Pack,Singapore,3.5
KOKA,Signature Spicy Singapore Fried Noodles Instant Noodles,Pack,Singapore,4.25
KOKA,Creamy Soup With Crushed Noodles Sweet Corn Flavor,Cup,Singapore,5
KOKA,Silk Beef Pho Flavor Instant Rice Fettuccine,Bowl,Singapore,3.25
KOKA,Delight Spicy Sesame Flavor Instant Non-Fried Noodles,Pack,Singapore,4.5
KOKA,Signature Laksa Singapura Instant Noodles,Bowl,Singapore,5
KOKA,Delight Spicy Black Pepper Flavor Instant Non-Fried Noodles,Pack,Singapore,5
KOKA,Purple Wheat Noodles Chili & Lime Flavor,Pack,Singapore,4
KOKA,Delight Tomato Flavor Instant Non-Fried Noodles,Pack,Singapore,5
KOKA,Seafood Flavor Instant Noodles,Cup,Singapore,3.5
KOKA,Signature Stir-Fry Original Flavor Instant Noodles,Pack,Singapore,3
KOKA,Creamy Soup Witrh Crushed Noodles Curry Flavor,Cup,Singapore,5
KOKA,Delight Laksa Singapura Flavor Instant Non-Fried Noodles,Pack,Singapore,4.25
KOKA,Silk Spicy Marinara Instant Rice Fettuccine,Bowl,Singapore,5
KOKA,Signature Chicken Flavor Instant Noodles,Cup,Singapore,3.75
Nissin,Cup Noodles Sopa Nissin Hot Sauce Con Camaron,Cup,Mexico,3.5
MyKuali,Penang Hokkien Prawn Flavor Noodle,Box,Japan,5
Master Kong,Roasted Pork Noodle,Pack,China,4.5
Uni-President,Man Han Feast Super Hot Pot Beef Flavor Instant Noodles,Bowl,Taiwan,5
World O' Noodle,Mi Goreng Original Flavour Fried Noodles,Pack,Indonesia,5
Nissin,Raoh Nojyuku Toro Tonkotsu Ramen,Bowl,Japan,4.5
Kang Shi Fu,Artificial Dongpo's Braised Pork Flavour,Pack,Hong Kong,4.75
Mum Ngon,Lau Tom Chua Cay,Pack,Vietnam,3.5
Happy Cook,Old Beijing Fried Bean Sauce Noodle,Pack,Taiwan,4.25
Nissin,Cup Noodles Indonesia Mie Goreng,Cup,Japan,3.75
Fashion Food,Yummy Spicy Rice Soup With Seafood,Bowl,Thailand,3.5
Dream Kitchen,Udon Japanese Style Fresh Noodle,Bowl,USA,3.75
MyKuali,MeeKuali Bihun Sup Rempah Perisa Daging,Pack,Malaysia,5
New Touch,T's Restaurant Sura Tanmen,Cup,Japan,4
TTL,Sesame Oil Chicken With Rice Wine Noodle,Bowl,Taiwan,5
Ajinatori,HALAL Chicken Shoyu Sauce Ramen,Pack,Japan,2.5
Dr. McDougall's,Vegan Pad Thai Noodle Soup,Cup,USA,0
Nissin,Seafood Flavour Rice Vermicelli,Cup,Hong Kong,5
Samyang Foods,Cheese Type Buldak Bokkeummyun (Black Pkg),Pack,South Korea,3.75
Ve Wong,Kung-Fu Instant Oriental Noodles Soup Artificial Onion Flavor,Pack,Taiwan,3.5
Nissin,Cup Noodles Sopa Nissin Con Camaron Picante,Cup,Mexico,3.25
Uni-President,Baseball Snack Noodle,Pack,Taiwan,5
Nissin,Cup Noodles Spicy Seafood Flavor,Cup,China,3.75
MyKuali,Penang Red Tom Yum Goong,Box,Japan,5
Myojo,Yomise No Yakisoba Karashi Mentaiko Flavor,Tray,Japan,4.5
Super Bihun,Bihun Kuah Rasa Baso Sapi,Pack,Indonesia,3.75
Xiuhe,Hot & Sour Beef Noodles,Bowl,China,4.25
Nissin,Kitsune Udon Donbei (West),Bowl,Japan,5
Little Cook,Thailand Green Curry Instant Noodle,Bowl,Taiwan,5
Nissin,Cup Noodles Beef Flavour,Cup,Hong Kong,2.5
Shirakiku,Sanukiya Udon Shrimp Flavor,Pack,USA,3.25
Mama Pat's,Chicken Fajita Flavor Instant Ramen Noodles,Pack,USA,3.75
Mama Pat's,Lamb Stew Flavor Instant Ramen Noodles,Pack,USA,3.75
Mama Pat's,Seafood Gumbo Flavor Instant Ramen Noodles,Pack,USA,3.5
Mama Pat's,Chicken Taco Flavor Instant Ramen Noodles,Pack,USA,3.75
Just Way,Chuan Wei Spicy Guan-miao Noodles,Pack,Taiwan,4.5
Sichuan Guangyou,Sweet Potato Instant Noodle Braised Spicy Chitterling Flavor,Pack,China,0.25
Nissin,Cup Noodles Mini Spicy Seafood,Cup,Hong Kong,4
MyKuali,Penang Hokkien Prawn Noodle Soup,Pack,Singapore,5
Goku-Uma,Yakisoba Japanese Style Noodle,Bowl,USA,4.75
Maggi,Nutri-licious Pazzta Tomato Twist,Pack,India,3.75
Sichuan Baijia,Chongqing Noodles Burning Dry Noodles,Bowl,China,5
Nissin,Cup Noodles Tom Yam Seafood Flavour,Cup,Singapore,5
Indomie,My Noodles Mi Goreng Pizza Cheese,Pack,Indonesia,4
Liang Cheng Mai,Shaanxi Cold Noodle: Mustard Spicy,Tray,China,1
Samyang Foods,Cheese Buldak Bokkeummyun (Black),Bowl,South Korea,4
Maggi,2 Minute Noodles Chicken Flavour,Pack,Fiji,3.25
Master Kong,Chicken Flavor Instant Noolde,Pack,China,4.25
Nissin,Cup Noodles Prawn Flavour,Cup,Hong Kong,3.75
Ripe'n'Dry,Hokkaido Miso Ramen,Pack,Japan,3
MyKuali,Penang Red Tom Yum Goong Rice Vermicelli Soup,Bowl,Malaysia,5
Ottogi,Jin Jjambbong Spicy Seafood Ramyun,Pack,South Korea,5
Nissin,Rice Vermicelli Pickled Vegetable Pork Flavour,Cup,Hong Kong,3.75
Gefen,Imitation Chicken Flavor,Cup,USA,4
Hua Feng,Three Fresh Delicacies Instant Noodle,Pack,China,4.25
Nissin,Demae Iccho Sesame Oil Flavour Instant Noodle,Bowl,Hong Kong,3.5
Maggi,2 Minute Noodles Curry Flavour,Pack,Fiji,4
Uni-President,Man Han Feast Chilli Beef Flavor Instant Noodles,Bowl,Taiwan,4.75
Sichuan Guangyou,9999 Chongqing Artificial Beef Flavor Instant Noodle,Pack,China,4.25
Nissin,Cup Noodles Beef Flavor Ramen Noodle Soup (New Recipe),Cup,USA,3.5
Nongshim,Seaweed Instant Noodle,Cup,South Korea,0.5
Nissin,Demae Iccho Seafood Flavour Instant Noodle,Cup,Hong Kong,4.75
Pulmuone,Non-Fried Ramyun With Spicy Beef Broth,Pack,South Korea,3.75
Nissin,Cup Noodles Hot & Spicy Shrimp Flavor Ramen Noodle Soup (New Recipe),Cup,USA,2.5
Sau Tao,Non-Fried Mix Noodle Black Pepper XO Sauce Flavoured,Pack,Hong Kong,4.5
MyKuali,Penang White Curry Instant Noodle (Japan Version),Box,Malaysia,5
Nissin,Disney Cuties Instant Chicken With Corn Flavour,Cup,Thailand,3.25
Uni-President,Man Han Feast Braised Pork Flavor Instant Noodles,Bowl,Taiwan,5
World O' Noodle,Mi Goreng Garlic Flavour Fried Noodles,Pack,Indonesia,4.5
Nissin,Top Ramen Atta Nooldes Masala,Pack,India,4.5
Liu Quan,Instant Spicy Rice Noodle,Bowl,China,4
Daikoku,Tanuki Soba,Cup,Japan,3.5
Samyang Foods,Zzaldduck Buldak Bokkeummyun Snack,Pack,South Korea,4.5
Samyang Foods,Curry Buldak Bokkeummyun,Pack,South Korea,4.25
Samyang Foods,Cool/Ice Buldak Bokkeummyun,Pack,South Korea,3.75
Samyang Foods,2x Spicy Haek Buldak Bokkeummyun,Pack,South Korea,4
Samyang Foods,Buldak Bokkeummyun Snack,Pack,South Korea,5
Samyang Foods,Stew Buldak Bokkeumtangmyun,Pack,South Korea,5
Samyang Foods,Cheese Buldak Bokkeummyun,Pack,South Korea,4
Samyang Foods,Buldak Bokkeummyun (New Packaging),Pack,South Korea,4
Chuan Wei Wang,Bowl Instant Noodles Artificial Spicy Beef Flavor,Bowl,China,4
Nissin,Demae Iccho Chicken Flavour Instant Noodle (Bowl Noodle),Bowl,Hong Kong,5
Wai Wai,Instant Noodles Artificial Chicken Flavoured,Pack,India,2
Daikoku,Kitsune Udon,Cup,Japan,2
Sichuan Baijia,Pickled Cabbage Flavor Instant Vermicelli,Bowl,China,4
Kamfen,Noodle King Artificial Wonton Soup Flavored,Bowl,Hong Kong,5
Nongshim,Spicy Shrimp Cup Noodle,Cup,South Korea,4
Marutai,Nagasaki Agodashi Shoyu Ramen,Pack,Japan,4
Vifon,Viet Cuisine Bun Rieu Cua Sour Crab Soup Instant Rice Vermicelli,Bowl,Vietnam,5
Nissin,"Cup Noodles Rich Garlic, Egg Yolk & Oxtail",Cup,Japan,4
Uni-President,Minced Pork Flavor Instant Noodles,Pack,Taiwan,1
1 To 3 Noodles,Chatpat Masala,Pack,India,4
Nissin,Cup Noodles BIG XO Sauce Seafood Flavour,Cup,Hong Kong,4
Fantastic,Noodles Chicken & Corn Flavour,Cup,Australia,3
Ripe'n'Dry,Hokkaido Salt Ramen,Pack,Japan,3
Nissin,Demae Iccho Tonkotsu Flavour Instant Noodle (Bowl Noodle),Bowl,Hong Kong,3
Knorr,Chatt Patta Instant Noodles,Pack,Pakistan,1
Sempio,Clam Flavor Soup Kal-guksu,Pack,South Korea,5
Nissin,Cup Noodles Sopa Nissin Sabor A Pollo,Cup,Mexico,4
Nissin,Maxi Sopa Nissin Cuchareable Sabor A Jugo De Carne,Cup,Mexico,4
Nissin,Sopa Nissin Sabor A Camaron Sopa Instantanea Tipo Ramen,Pack,Mexico,4
Nissin,Cup Noodles Sopa Nissin Sabor A Carne De Res,Cup,Mexico,4
Nissin,RapiFideo Sabor A Tomate Y Pollo,Cup,Mexico,4
Nissin,"Cup Noodles Sopa Nissin Sabor Camaron, Habanero Y Limon",Cup,Mexico,3
Nissin,Sopa Nissin Sabor A Pollo Sopa Instantanea Tipo Ramen,Pack,Mexico,4
Nissin,Cup Noodles Sopa Nissin Con Camaron,Cup,Mexico,3
Nissin,Maxi Sopa Nissin Cuchareable Sabor A Camaron Picante,Cup,Mexico,3
Nissin,Cup Noodles Gourmet Sabor A Caldo De Camaron,Cup,Mexico,5
Nissin,"Sopa Nissin Sabor Mariscos, Habanero Y Limon",Cup,Mexico,4
Nissin,Maxi Sopa Nissin Cuchareable Sabor A Pollo,Cup,Mexico,4
Nissin,Sopa Nissin Sabor A Res Instantanea Tipo Ramen,Pack,Mexico,4
Nissin,Cup Noodles Sopa Nissin Hot Sauce Sabor A Pollo,Cup,Mexico,4
Ve Wong,Little Prince(ss) Brand Snack Noodles Artificial Mexican Pizza Flavor,Pack,Taiwan,4
Patanjali,Atta Noodles Jhatpat Banao Befikr Khao,Pack,India,5
Qin Zong,Shaanxi Cold Noot Hot & Sour Flavor,Pack,China,3
Nissin,Cup Noodles Spicy Lime Flavor Ramen Noodle Soup (New Recipe),Cup,USA,4
Nissin,Demae Iccho Tokyo Shoru Tonkotsu Instant Noodle,Cup,Hong Kong,4
Pran,Mr. Noodles Curry Flavor Instant Noodles,Pack,Bangladesh,4
Paldo,Bul Jjajangmyeon,Pack,South Korea,5
Ogasawara,Kirin Giraffe Shio Ramen,Pack,Japan,5
Sapporo Ichiban,Mie Kamayama Ramen Gyukotsu Misoaji,Bowl,Japan,3
Sau Tao,Black Pepper XO Sauce Flavour,Bowl,Hong Kong,5
Nissin,Nupasta Bolognese Flavour Instant Noodle,Cup,Japan,4
Nongshim,Saeutang Sabalmyeon,Bowl,South Korea,3.5
Happy Cook,Sichuan Spicy Flavor,Pack,Taiwan,5
MAMA,Instant Bowl Noodles Shrimp (Tom Yum) Flavor Base,Bowl,Thailand,4
Nissin,Cup Noodle Spicy Curry Chicken,Cup,Japan,5
Goku-Uma,Ramen Noodles Miso Flavor,Bowl,USA,3
Nissin,Cup Noodles Spicy Beef Flavour,Cup,Hong Kong,4
Xiao Ban Mian,Sesame Oil With Garlic Flavor Thin Noodle,Pack,Taiwan,3.5
Xiao Ban Mian,Traditional Shallot & Onion Oil Noodle,Pack,Taiwan,5
Xiao Ban Mian,Sesame Sauce Matcha Noodle,Pack,Taiwan,3.8
Pran,Mr. Noodles Instant Noodles Beef Flavour,Pack,Bangladesh,4
Nissin,Cup Noodles Big Seafood Flavour,Cup,Hong Kong,4
Fantastic,Noodles Chicken Chow Mein Flavour,Cup,Australia,4
Ottogi,Ramyun Sabor Pollo,Pack,Mexico,4
Nissin,Demae Iccho Black Garlic Oil Tonkotsu Flavour Instant Noodles,Cup,Hong Kong,4
Ajinatori,Chicken Flavor Ramen,Pack,Japan,4
Maggi,2 Minute Noodles Masala Spicy,Pack,India,5
Maruchan,Sopa Maruchan Sobar A Camaron,Pack,Mexico,3
Nissin,Yakisoba,Tray,Japan,5
Suimin,Noodle With Oriental Chicken Flavour,Cup,Australia,3
Nissin,Demae Ramen Spicy Xo Sauce Seafood Flavour Instant Noodle,Pack,Hong Kong,4
Cintan,Mi Segera Mmm... Original,Pack,Malaysia,3
Nissin,Cup Noodles Spicy Chile Chicken (New Recipe),Cup,USA,4
Chuan Wei Wang,Bowl Instant Noodles Artificial Beef With Sauerkraut Flavor,Bowl,China,3
Suimin,Noodles With Chicken Flavour,Cup,Australia,3
Nissin,Cup Noodles Seafood,Cup,China,4
Sapporo Ichiban,Tabimen AizuKitakata Gyokai Shoyu Ramen,Bowl,Japan,4
Nissin,Nupasta Bacon In Carbonara Sauce Flavour Instant Noodle,Pack,Hong Kong,5
Sichuan Baijia,Chongqing Noodles Spicy Hot Flavor,Pack,China,5
Samyang Foods,Buldak Bokkummyun Cheese Flavor,Pack,South Korea,4
Nissin,Demae Ramen Straight Noodle Black Garlic Oil Tonkotsu Flavour Instant Noodle,Pack,Hong Kong,5
Myojo,Shin Toyama Black Ramen,Bowl,Japan,4
Nissin,Cup Noodles Tom Yum Goong Flavour,Cup,Hong Kong,4
Master Kong,Artificial Abalone Crab Flavor Instant Noodle,Pack,China,0
Kamfen,Noodle King Artificial Abalone And Chicken Soup Flavored,Bowl,Hong Kong,4
Fantastic,Noodles Beef Flavour,Cup,Australia,3
Nissin,Korean Kimchi Flavour Vermicelli,Cup,Hong Kong,4
Nissin,Raoh Pork Bone Soy Soup Noodle,Pack,Japan,5
Samyang Foods,Gold Jjamppong Fried Noodle,Pack,South Korea,5
Nissin,Demae Iccho Red Hot Seafood Flavour Instant Noodle,Cup,Hong Kong,4
Sichuan Baijia,Chongqing Noodles Hot & Sour Flavor,Pack,China,4
Nissin,Demae Iccho Spicy Tonkotsu Flavour Instant Noodle (Bowl Noodle),Bowl,Hong Kong,5
Nissin,Raoh Tantanmen,Pack,Japan,5
Goku-Uma,Ramen Noodles Soy Sauce Flavor,Bowl,USA,3
Nissin,Cup Noodles With Shrimp Ramen Noodle Soup (New Recipe),Cup,USA,3
JML,Hot & Sour Beef Noodles,Pack,China,4
Suimin,Noodles With Braised Beef Flavour,Cup,Australia,4
Uni-President,A Q Bucket Noodle Korean Kimchi Flavor,Bowl,Taiwan,4
Nissin,Demae Iccho Spicy Kimchi Pot Flavour Instant Noodle (Bowl Noodle),Bowl,Hong Kong,4
Sichuan Baijia,Chongqing Noodles Burning Dry Noodles,Pack,China,5
Samyang Foods,Fresh Bibimmyun Fried Noodle,Pack,South Korea,4
Wai Wai,Instant Noodles Veg Masala Flavour,Pack,India,4
Nissin,Nupasta Neapolitan Flavour Instant Noodle,Pack,Hong Kong,5
Shirakiku,Karami Ramen Spicy Chili Flavour Japanese Style Noodle With Soup Base,Pack,USA,2
Nissin,Disney Cuties Instant Noodle Crab Flavour,Cup,Thailand,4
Nissin,Cup Noodles Rich Soft Shelled Turle Soup,Cup,Japan,3
Unif Tung-I,Instant Vegetarian Beehoon Rice Vermicelli,Pack,Taiwan,1
Sichuan Baijia,Broad Noodle Artificial Beef Flavor Hot Pot,Pack,China,4
Dream Kitchen,Curry Flavour Instant Noodles,Cup,USA,5
Tablemark,Tohokuno Aji Yonezawa Ramen,Bowl,Japan,4
Uni-President,Science Noodle (X'Mas Edition),Pack,Taiwan,5
Farmer's Heart,Pho Beef Flavor Vietnamese Rice Noodle Soup,Bowl,USA,3.75
Kamfen,Instant Wonton Noodles Scallop Lobster Soup Flavour,Bowl,Hong Kong,4.3
Fuku,Tom Yam Soup Instant Noodle,Pack,Hong Kong,2.3
Goku-Uma,Ramen Noodles Artificially Flavored Tonkotsu,Bowl,USA,3
Daikoku,Hiroshima Flavor Yakisoba,Tray,Japan,5
Nissin,Disney Cuties Instant Noodle Seaweed Flavour,Cup,Thailand,3
Singa-Me,Instant Noodles Mi Goreng Flavour,Cup,Australia,4
New Touch,Sugomen Sano Ramen,Bowl,Japan,5
Ottogi,Ramyon Sabor Y Camaron,Pack,Mexico,4
Nissin,Demae Iccho Spicy XO Sauce Seafood Flavour,Pack,Hong Kong,4
Love Cook,Sun Dried Noodle - Fruity Soy Bean Paste,Pack,Taiwan,4
Nongshim,Shin Noodle Soup,Cup,USA,5
Nissin,Sapporo Noukou Miso Ramen,Bowl,Japan,5
Dream Kitchen,Soy Sauce,Cup,USA,4
Nissin,Vietnamese Chicken Coriander Flavour Vermicelli,Cup,Hong Kong,4
Kang Shi Fu,Artificial Spicy Beef Flavour,Pack,Hong Kong,4
Nissin,Cup Noodles Black Pepper Crab Flavour,Cup,Hong Kong,4
Great Value,Beef Style Noodles With Vegetables,Cup,Canada,3
Fuku,Spicy Soup Instant Noodle Beef Flavour,Pack,Hong Kong,4
Wang,Rice Noodle Anchovy Flavor,Bowl,South Korea,3
Nissin,Cup Noodles Chicken Flavor Ramen Noodle Soup (New Recipe),Cup,USA,4
Asian Thai Foods,Rumpum Gundruk Flavour,Pack,Nepal,1
Nissin,Cup Noodle Light+ Bagna Cauda,Cup,Japan,5
Maruchan,Gotsumori Koku Tonkotsu Ramen,Bowl,Japan,4
Fashion Food,Tom Yum Shrimp Creamy Flavour Instant Noodles,Bowl,Thailand,4
Paldo,Bibim Men,Bowl,South Korea,5
Nissin,Cup Noodles Milk Seafood Flavour,Cup,Hong Kong,4
Nissin,Spicy Chikin Donburi,Bowl,Japan,5
Fantastic,Noodle Chicken Flavour,Cup,Australia,4
Marutai,Kuroma-Yu Tonkotsu Kumamoto Ramen,Pack,Japan,4
Kang Shi Fu,Artificial Beef With Sauerkraut Flavour,Pack,Hong Kong,4
Nissin,Raoh Shoyu Ramen,Bowl,Japan,5
Maruchan,Ramen Noodle Soup Sriracha Chicken Flavor,Pack,USA,4
Nagatanien,Hiyashi Soba Taidashi Goma,Pack,Japan,3
Fuku,Bowl Chicken Flavour Instant Rice Vermicelli,Bowl,Hong Kong,4
Wai Wai,X-Press Flavour Of Pizza In Noodles Proprietary Food,Pack,India,4
KOKA,Rice Noodles Fragrant Chicken Pho Ga Flavour,Pack,Singapore,4
Nyor Nyar,Vegetarian Penang White Curry,Pack,Malaysia,5
Nissin,Cup Noodle Seafood,Cup,Japan,5
Paldo,Budae Jjigae,Pack,South Korea,5
Fantastic,Noodles Crispy Bacon Flavour,Cup,Australia,1
Tseng Noodles,Spicy Braised Pork Flavor,Pack,Taiwan,4
Nissin,Demae Ramen Spicy Seafood Flavour Instant Noodle,Pack,Hong Kong,5
A-Sha Dry Noodle,Chow Mein Spicy Flavor,Tray,Taiwan,3
Myojo,Mee Goreng Spicy Flavour,Pack,Singapore,5
Sapporo Ichiban,Tabimen Nagasaki Chanpon,Bowl,Japan,4
Acecook,Oh! Ricey Pork Flavour,Pack,Vietnam,4
Paldo,Bul Jjamppong,Pack,South Korea,4
Nissin,Disney Cuties Instant Noodle Roast Pork Flavour,Cup,Thailand,3
Morre,Instant Noodles Masala,Pack,Pakistan,4
Nissin,Demae Ramen Spicy Hot tonkotsu Flavour Instant Noodle,Pack,Hong Kong,5
Roland,Ramen Japanese Style Quick-Cooking Alimentary Paste With Chicken Artificially Flavored Soup Base,Pack,USA,0
Nissin,Big Cup Noodles Tonkotsu Flavour,Cup,Hong Kong,3
Nissin,Deka Buto Kuro M-yu Tonkotsu,Bowl,Japan,5
Maruchan,Bowl Taste Of Asia Hearty Pork Flavor Tonkotsu Ramen,Bowl,USA,4
Nissin,Cup Noodles Sabor Galinha Caipira,Cup,Brazil,4
Nongshim,Bowl Noodle Soup Independence Day Limited Edition Spicy Chicken Flavor,Bowl,USA,4
Nissin,Nupasta Vongole Flavour Instant Noodle,Cup,Hong Kong,4
Mr. Lee's Noodles,Penang Chicken Curry Laksa,Cup,UK,2
Mr. Lee's Noodles,Shaolin Monk Vegetables,Cup,UK,5
Mr. Lee's Noodles,Tai Chi Chicken,Cup,UK,3
Mr. Lee's Noodles,Dragon Fire Mushroom,Cup,UK,3
Mr. Lee's Noodles,Hong Kong Street Beef,Cup,UK,5
Mr. Lee's Noodles,Warrior Fighting Shrimp,Cup,UK,3.3
Nissin,Gyorai Inaniwa Chuka Soba,Bowl,Japan,5
Fuku,Chicken Flavour Instant Noodle,Pack,Hong Kong,4
Knorr,Chicken Flavored Instant Noodles,Pack,Pakistan,3
Nyor Nyar,Penang White Curry Instant Noodle,Pack,Malaysia,5
Choumama,XO Scallops Sauce Dry Noodles,Pack,Taiwan,4
Myojo,Barikata Noukou Tonkotsu Shoyu,Bowl,Japan,4.75
Nissin,Demae Ramen Sesame Oil Flavour Cup,Cup,Hong Kong,4
Singa-Me,Instant Noodles Chicken Flavour,Cup,Australia,2.5
Pulmuone,Non-Fried Ramyun Noodle (Crab Flavor),Pack,South Korea,5
Master Kong,Assorted Seafood Noodles,Pack,China,4
Nissin,Raoh Hot & Sour Ramen,Pack,Japan,5
President Rice,Coriander Instant Rice Noodles,Bowl,Thailand,2.75
MAMA,Instant Rice Noodles Moo Nam Tok Flavour,Pack,Thailand,3.5
MAMA,Instant Rice Vermicelli Clear Soup,Pack,Thailand,3.5
MAMA,Instant Rice Noodles Chicken Flavour,Pack,Thailand,4
MAMA,Pho Ga Rice Noodles With Artificial Chicken Flavour,Bowl,Thailand,3
MAMA,Oriental Kitchen Instant Rice Vermicelli In Gravy,Pack,Thailand,5
MAMA,Instant Tom Yam Rice Noodles,Pack,Thailand,4
MAMA,Instant Rice Noodles Vegetable Flavour,Pack,Thailand,4
MAMA,Instant Rice Vermicelli Yentafo Tom Yam Mohfai,Pack,Thailand,5
MAMA,Instant Flat Noodles Clear Soup,Pack,Thailand,4
MAMA,Cup Rice Noodles Tom Saab Flavour,Cup,Thailand,5
MAMA,Instant Rice Noodles Stew Beef Flavour,Pack,Thailand,4
MAMA,Instant Rice Noodles Phnom Penh Style,Pack,Thailand,4
MAMA,Instant Flat Noodles Tom Yam Flavour,Pack,Thailand,4
Maruchan,Ramen Noodle soup Mushroom Flavor,Pack,USA,4
Happy Family,Vegetable Flavour Instant Noodles,Pack,Singapore,4
Tseng Noodles,Rice Noodle Shallot With Braised Pork Flavor,Pack,Taiwan,5
Great Value,Vegetable Flavour Noodles With Vegetables,Cup,Canada,3
JML,Instant Noodle Artificial Beef Flavor 7 sour Pickled Cabbage,Pack,China,4
Suimin,Noodles With Hot & Spicy Flavour,Cup,Australia,3
Tseng Noodles,Rice Noodle Chinese Mushroom With Soybean Vegetarian Braised Pork Flavor,Pack,Taiwan,5
Nissin,Piritto Karakuchi Tantan Udon,Bowl,Japan,4
Tseng Noodles,Rice Noodle Seafood Laksa Flavour,Pack,Taiwan,5
Nongshim,Chal Bibim Myun,Pack,South Korea,5
Menraku,Japanese Yakisoba Umami Sauce,Bowl,Japan,5
La Moderna,Sazon Casero Sopa Con Tomate Y Sabor Pollo,Pack,Mexico,3
A-Sha Dry Noodle,Chow Mein Original Flavor,Tray,Taiwan,5
Master Kong,Artificial Mushroom Chicken Flavor Instant Noodle,Pack,China,4
A-Sha Dry Noodle,Chow Mein Oyster Sauce BBQ Flavor,Tray,Taiwan,2
Jingqi,Aloe Vera Guan Mian Purple Sweet Potato Noodle With Spicy Miso Sauce,Pack,Taiwan,4
Jingqi,Black Eyes Bean Original Noodle With Sesame Sauce,Pack,Taiwan,4
Jingqi,Aloe Vera Guan Mian Pumpkin Noodle With Basil Sauce,Pack,Taiwan,4
Jingqi,Black Eyes Bean Cyanobacteria Noodle With Ginger Oil Sauce,Pack,Taiwan,5
Jingqi,Aloe Vera Guan Mian Original Noodle With Sesame Sauce,Pack,Taiwan,5
Jingqi,Black Eyes Bean Purple Sweet Potato Noodle With Spicy Miso Sauce,Pack,Taiwan,3
Jingqi,Aloe Vera Guan Mian Cyanobacteria Noodle With Ginger Oil Sauce,Pack,Taiwan,5
Jingqi,Black Eyes Bean Pumpkin Noodles With Basil Sauce,Pack,Taiwan,5
Maruchan,Instant Lunch Pork Flavor Ramen Noodles With Vegetables,Cup,USA,3
Sapporo Ichiban,Kun Ramen Sumo-kuchikin (Smoked Chicken),Bowl,Japan,3
Dream Kitchen,Tonkotsu,Cup,USA,3
Nissin,Lamen Sabor Picanha,Pack,Brazil,4
Thien Houng Foods,Lemon Chicken Flavour Instant Noodles,Pack,Vietnam,3
Maruchan,Bowl Taste Of Asia Miso Chicken Flavor Spicy Miso Ramen,Bowl,USA,4
Nissin,Men Shokunin Kaoruyasai Shio,Bowl,Japan,5
Wang,Rice Noodle Seafood Flavour,Bowl,South Korea,5
Fuku,Superior Soup Instant Noodles (Mfg in Thailand),Pack,Hong Kong,4
Fuku,Superior Soup Instant Noodles (Mfg in Vietnam),Pack,Hong Kong,4
Nissin,Demae Ramen Spicy Curry Flavour Instant Noodles,Pack,Hong Kong,4
Nissin,Demae Ramen Roast Beef Flavour Instant Noodles,Pack,Hong Kong,4
Doll,Instant Noodle Supreme Abalone And Chicken Flavour,Pack,Hong Kong,2
Four Seas,Chicken Flavour Instant Noodle,Pack,Hong Kong,4
Nissin,Kimchi Chikin Ramen Donburi,Bowl,Japan,5
Maruchan,Instant Lunch Chipotle Chicken Flavor Ramen Noodle Soup,Cup,USA,5
Myojo,Mee Goreng Thai Tom Yum Flavour,Pack,Singapore,4
Kang Shi Fu,Artificial Salted Beef With Mushrooms Flavour,Pack,Hong Kong,4
CarJEN,Hot & Spicy Dry Curry With Chives Soup,Pack,Malaysia,5
Sapporo Ichiban,Taimeiken Yousyoku Yasangatsukutta Omumen,Cup,Japan,4
Suimin,Noodles With Chicken & Sweet Corn Flavour,Cup,Australia,2.25
Nissin,Mennippon Oumi Chanpon,Bowl,Japan,5
Happy Family,Curry Flavour Instant Noodles,Pack,Singapore,4
7 Select,Nissin Instant Noodles Tom Yum Seafood Creamy Flavour King Cup,Bowl,Thailand,3.5
Nissin,Cup Noodles Tom Yum Shrimp Sabb Flavour,Cup,Thailand,5
Nissin,Chilli Noodles Stir Fried Holy Basil Flavour,Pack,Thailand,5
Nissin,Instant Noodles Moo Manao Flavour,Pack,Thailand,4
Nissin,Super Tom Yum Shrimp,Cup,Thailand,3.5
Nissin,Cup Noodles Minced Pork Flavour,Cup,Thailand,3.5
Nissin,Chilli Noodles Tom Yum Shrimp Creamy Soup Flavour,Cup,Thailand,3.25
7 Select,Nissin Instant Noodles Shrimp Ma Nao Lui Suan Flavour King Cup,Bowl,Thailand,4
Nissin,Instant Noodles Tom Yum Shrimp Saab Flavour,Pack,Thailand,4
Nissin,Cup Noodles Moo Manao Flavour,Cup,Thailand,4
Nissin,Instant Noodles Minced Pork Flavour,Pack,Thailand,3.5
Nissin,Cup Noodles Seafood Creamy Flavour,Cup,Thailand,4
Nissin,Chilli Noodles Spicy Tom Yum Flavour,Pack,Thailand,4
Nissin,Cup Noodles Chilli Crab Flavour,Cup,Hong Kong,3.75
Great Value,Vegetarian Flavour Ramen Noodles,Pack,Canada,3
Oni Hot Pot,Tuna With Shallot Flavor Noodle,Pack,Taiwan,4.3
Weh Lih,GGE Noodle Snack Wheat Crackers Original Ramen,Pack,Taiwan,1
Nissin,Lamen Sabor Frango Assado Com Toque De Limao,Pack,Brazil,4.5
Itomen,Onion Flavor Shoyu Ramen,Pack,Japan,3.5
Maruchan,Ramen Noodle Soup Chicken Tortilla Flavor,Pack,USA,3
Wang,Rice Noodle Kimchi Flavor,Bowl,South Korea,4
Roland,Ramen Japanese Style Quick-Cooking Alimentary Paste With Beef Artificially Flavored Soup Base,Pack,USA,0
Nissin,Cup Noodles Singapore Laksa,Cup,Japan,5
Samyang Foods,Pojangmacha Udon,Pack,South Korea,4
Myojo,Mee Goreng Original Flavour,Pack,Singapore,4
Sanpo,Yakibuta Ramen,Bowl,Japan,4
Nongshim,Kimchi Flavor Noodle Soup,Cup,USA,5
CarJEN,Otentiq Cheezy Mushroom Instant Noodles (Improved Taste),Pack,Malaysia,5
Maruchan,Seimen Noukou Toro Tonkotsu,Bowl,Japan,4
Nissin,Straits Kitchen Laksa,Pack,Singapore,5
Nongshim,Champong Noodle Soup Spicy Seafood Flavor,Pack,South Korea,5
Oni Hot Pot,Seaweed Flavour Noodle,Pack,Taiwan,2
Doll,Instant Noodle Preserved Vegetable Flavour,Pack,Hong Kong,4
MyKuali,Penang Hokkien Prawn Noodle Authentic Taste,Cup,Malaysia,5
Nissin,Nupasta Salmon In White Sauce Flavour Instant Noodle,Pack,Hong Kong,5
Nissin,Big Cup Noodles Seafood Curry Flavour,Cup,Hong Kong,5
Nissin,Demae Iccho Beef Flavour Instant Noodle,Bowl,Hong Kong,4
Nissin,Mie Goreng Indonesia Stir Noodle Original Flavour,Pack,Hong Kong,4
Nissin,Demae Ramen Sesame Flavour Instant Noodles,Pack,Hong Kong,5
Fuku,Superior Soup Instant Rice Vermicelli,Bowl,Hong Kong,5
Nissin,Demae Ramen Straight Noodle Kyushu Tonkotsu Instant Noodle,Pack,Hong Kong,5
Nissin,Taisho Fried Noodle Sesame Paste Flavour Instant Noodle,Pack,Hong Kong,5
Nissin,Cup Noodles Pork Chowder Flavour,Cup,Hong Kong,4
Nissin,Cup Mifun Spicy Beef Flavour,Cup,Hong Kong,4
Fuku,Non-Fried Superior Soup Noodle,Pack,Hong Kong,4
Nissin,Nupasta Carbonara Flavour Instant Noodle,Cup,Hong Kong,5
Nissin,Demae Iccho Curry Beef Flavour,Cup,Hong Kong,4
Nissin,Cup Noodles Big Spicy Seafood Flavour,Cup,Hong Kong,5
Nissin,Demae Iccho Black Garlic Oil Tonkotsu,Bowl,Hong Kong,3.75
Mi Sedaap,Mi Segera Mi Goreng Ayam Krispi,Pack,Indonesia,4.5
Nissin,Cup Noodles Sabor Pollo Habanero Y Limon Sopa Instantanea,Cup,Mexico,3.5
Great Value,Spicy Ramen Noodles,Pack,Canada,4
Maruchan,Bowl Taste Of Asia Beef Flavor Sukiyaki Ramen,Bowl,USA,5
A-Sha Dry Noodle,Tainan Noodle Original Sauce,Pack,Taiwan,5
Tokushima Seifun,Negi Ramen,Bowl,Japan,1.75
Doll,Instant Noodle Vegetarian Flavour,Pack,Hong Kong,3.75
Maggi,Fusian Special Edition Ow... Ow... Spicy Cow Mi Goreng,Pack,Australia,5
Samyang Foods,Fresh Jjajang,Pack,South Korea,4.5
Marutai,Hakata Tonkotsu Ramen,Pack,Japan,5
Four Seas,Kung Tak Lam Vegetarian Noodle (Mushroom),Pack,Hong Kong,3
Nongshim,Arrabiata Rice Bucatini,Pack,USA,5
Mamee,Pepper Noodles Vegetarian,Pack,Hong Kong,3.25
Ottogi,Ramyon Sabor Mariscos,Pack,Mexico,3.75
Kamfen,Dried Mix Noodles Scallop Seafood Flavoured,Tray,Hong Kong,4.25
Nissin,Cup Noodle Light+ Cheese Fondue,Cup,Japan,5
Four Seas,Beef And Radish Flavour Instant Noodle,Pack,Hong Kong,2.5
Zow Zow,Instant Noodle Shrimp Tom Yam Flavoured,Pack,Thailand,3.75
Nissin,RapiFideo Sabor A Chile Y Limon,Cup,Mexico,3.75
Koyo,Garlic Pepper Reduced Sodium Ramen,Pack,USA,0
Nissin,Tokyo Tokunou Gyokai Tonkotsu,Bowl,Japan,5
Suimin,Noodles Curried Prawn Flavour,Cup,Australia,3.25
Maruchan,Instant Lunch Sriracha Chicken Flavor Ramen Noodle Soup,Cup,USA,3.75
Indomie,Pop Mie Mi Instan Cup Rasa Ayam,Cup,Indonesia,3.5
Master Kong,Artificial Pork Ribs Flavour Instant Noodle,Pack,China,3.5
MyKuali,Penang Red Tom Yum Goong Noodle Authentic Taste,Cup,Malaysia,5
Ottogi,Ramyon Sabor A Res,Pack,Mexico,4
Acecook,Kadomen Koikoku Tonkotsu,Bowl,Japan,3.8
Oni Hot Pot,XO Sauce Noodle,Pack,Taiwan,5
E-Zee,Perisa Asam Pedas Mi Segera,Pack,Malaysia,4
Great Value,Chicken Style Ramen Noodles,Pack,Canada,3.5
Doll,Hello Kitty Dim Sum Noodle Japanese Soy Sauce Flavour,Cup,Hong Kong,3
ORee Garden,Malaysia Green Curry Noodle,Bowl,Malaysia,5
Suimin,Noodles Mi Goreng,Cup,Australia,4.3
Master Kong,Tomato Sauce Instant Noodle,Pack,China,4.5
Nissin,Cup Noodles Sabor Franhp Com Requeijao,Cup,Brazil,5
Tokushima Seifun,Yakibuta Ramen,Bowl,Japan,5
A1,Vegetarian Herbal Noodle,Pack,Malaysia,1.5
Migawon,Hovenia Ramen Vegetable Flavor,Pack,South Korea,3.5
A-Sha Dry Noodle,Hakka BBQ Sauce Noodle,Pack,Taiwan,4.25
Acecook,Maru Uma Curry Udon,Cup,Japan,3.5
Fantastic,Noodles Oriental Flavour,Cup,Australia,3.25
Chaudhary's Wai Wai,Instant Noodles Artificial Chicken & Shrimp Flavored,Pack,India,2.5
Kamfen,Noodle King Artificial Beef Soup Flavored,Bowl,Hong Kong,3.75
CarJEN,Otentiq Cheezy Curry Instant Noodles (Improved Taste),Pack,Malaysia,5
Myojo,Charumera Atyificial Tonkotsu Shouyu Flavor,Pack,Japan,3.75
Singa-Me,Instant Noodles Beef Flavour,Cup,Australia,2
Maruchan,"Sopa Maruchan Sabor a Camaron, Limon y Habanero",Pack,Mexico,3.5
Nissin,Shinshu Miso Ramen,Bowl,Japan,5
MyKuali,Penang White Curry Authentic Taste Cup,Cup,Malaysia,4.75
Urban Noodle,Authentic Street Food Chow Mein,Cup,UK,2
Urban Noodle,Authentic Street Food Pad Thai,Cup,UK,2.5
Urban Noodle,Authentic Street Food Black Bean,Cup,UK,0
Urban Noodle,Authentic Street Food Thai Red Curry,Cup,UK,3
Urban Noodle,Authentic Street Food Satay,Cup,UK,5
Kang Shi Fu,Artificial Roasted Beef,Pack,China,3.5
Acecook,Seabura Tonkotsu Ramen,Cup,Japan,3.75
Pulmuone,Noodle With Spicy Oyster Soup,Pack,South Korea,4
Samyang Foods,Honey & Cheese Big Bowl,Bowl,South Korea,0
Great Value,Chicken Style Noodles With Vegetables,Cup,Canada,3.5
E-Zee,Perisa Kari Mi Segera (Improved Taste),Pack,Malaysia,5
Oni Hot Pot,Ghost Pepper Noodle,Pack,Taiwan,4.5
Great Value,Beef Style Ramen Noodles,Pack,Canada,3.5
MAMA,Vegetarian Instant Noodles Shiitake Flavour,Pack,Thailand,2
Trident,2 Minute Laksa Flavour Noodles,Pack,Australia,2
MAMA,Rangers Snack Noodles Popcorn Flavour,Pack,Myanmar,3.75
Conimex,Oriental Noodles Soto Ajam,Cup,Netherlands,3
Sichuan Baijia,Hot spicy Flavor Instant Vermicelli,Bowl,China,3.5
Nongshim,Rice Fettucini Alfredo,Pack,United States,3.75
Kamfen,Wonton Noodles Beef Flavour,Bowl,Hong Kong,3.75
A-Sha Dry Noodle,Hakka Spicy Barbeque Sauce,Pack,Taiwan,4.5
Nissin,Donbei Dashi Shoyu Yakiudon,Bowl,Japan,3.75
Nissin,Raoh Rich Miso Flavor,Bowl,Japan,5
Nissin,Cup Noodles Tom Yum Goong,Cup,Japan,3.8
Nissin,Cup Noodle Big Seafood Clam Chowder,Cup,Japan,4
Nissin,Chikin Ramen Donburi,Bowl,Japan,5
Nissin,Curry Udon,Cup,Japan,5
Nissin,Men Shokunin Shoyu,Bowl,Japan,5
Nissin,Cup Noodle Vegeta Buta-kyabetsu Tonkotsu,Cup,Japan,4.3
Nissin,Cup Noodle Pasta Style Tarako Spaghetti,Cup,Japan,4
Nissin,Cup Noodle Big Cheese Mexican Chilli,Cup,Japan,5
Nissin,Gyoretsu-no-Dekiru-Mise-no-Ramen (Shrimp Tantanmen),Bowl,Japan,5
Nissin,Raoh Tonkotsu,Pack,Japan,5
Nissin,Cup Noodle Light Plus Ratatouille,Cup,Japan,4.5
Nissin,Cup Noodle Milk Chikin Ramen,Cup,Japan,5
Nissin,Cup Noodle,Cup,Japan,5
MyKuali,Penang White curry Noodle Authentic Taste,Pack,Malaysia,5
MAMA,Instant Noodles Chicken Soup Flavour,Pack,Myanmar,3.5
Nissin,Yokohama Walker Iekei Ramen,Bowl,Japan,4.5
A-Sha Dry Noodle,Quinoa Noodle With Oyster Sauce And Vegetables,Pack,Taiwan,4.25
Prima Taste,Singapore Prawn Soup La Mian,Pack,Singapore,5
Nissin,Chinese Tan Tan Vermicelli,Cup,Hong Kong,5
Tokushima Seifun,Tokushima Ramen,Pack,Japan,4
Master Kong,Assorted Pork Bone Noodle,Pack,China,4
MyKuali,Penang Red tom Yum Goong Noodle Authentic Taste,Pack,Malaysia,5
Suimin,Noodles Witrh Prawn & Chicken Flavour,Cup,Australia,3.5
Nissin,BIG Cup Noodle Ajillo,Cup,Japan,3
CarJEN,Nyonya Curry Laksa (Improved Taste),Pack,Malaysia,5
MyOri,Malaysia Penang Green Curry Vermicelli (New Package),Pack,Malaysia,5
Itsuki,Kumamoto Spicy Ramen,Pack,Japan,4.25
Nissin,Soba Fried Noodles Classic,Pack,Germany,3.25
Samyang Foods,Cheese Curry Ramyun,Pack,South Korea,5
Nissin,Cup Noodles Sabor Calabresa,Pack,Brazil,4.25
Doll,Spicy Flavour Instant Mifun,Pack,Hong Kong,2.75
Fujiwara,Horse Crab Flavour Ramen,Pack,Japan,3.5
MyOri,Malaysia Penang Red Curry Noodle,Pack,Malaysia,5
Nongshim,Noodle Soup Seasoned With Real Kimchi,Pack,USA,4.75
Nissin,Top Ramen Chicken Flavor Ramen Noodle Soup (New Packaging),Pack,USA,3.5
Tokushima Seifun,Kinchan Ramen,Pack,Japan,4.5
Wei Lih,GGE Noodle Snack Wheat Crackers Soy Sauce Ramen,Pack,Taiwan,3.75
MyKuali,Penang Spicy Prawn Soup Noodle Authentic Taste,Pack,Malaysia,5
MAMA,Instant Noodles Coconut Milk Flavour,Pack,Myanmar,5
Kabuto Noodles,Rice Noodles Vegetable Laksa,Cup,UK,3.75
Kabuto Noodles,Rice Noodles Chicken Pho,Cup,UK,3.5
Kabuto Noodles,Chicken Ramen,Cup,UK,4.25
Kabuto Noodles,Chilli Chicken Ramen,Cup,UK,4
Myojo,Charumera Shoyu Ramen,Pack,Japan,4
IbuRamen,Mi Goreng Bento Noodles In A Box Curry Masala Flavour,Tray,USA,4
MAMA,Cup Vegetarian Instant Noodles Tom Yum Flavour,Cup,Thailand,4
Maruchan,Spicy Tomato Salsa Ramen,Cup,Japan,0
Nissin,Raoh Ramen Noodle Soup Umami Soy Sauce Flavor,Pack,USA,4.75
Koh Thai,Island Of Flavours Spicy Thai Chicken Instant Noodles Soup,Pack,Netherlands,2
Prima Taste,Singapore Fish Soup La Mian,Pack,Singapore,5
Ve Wong,Kung-Fu Brand Instant Oriental Noodle Soup Artificial Beef Flavor,Pack,Taiwan,3.75
Nissin,Cup Noodles Ramen Noodle Soup Hearty Chicken Flavor [New Package],Cup,USA,4.25
Fujiwara,Red King Crab Flavour Ramen,Pack,Japan,4
Bamee,Oriental Style Instant Noodles Shrimp Flavour (Tom Yum),Pack,Thailand,3.5
Sichuan Baijia,Artificial Pickled Cabbage Fish Flavor Instant Vermicelli,Pack,China,1.5
Prima Taste,Singapore Laksa Wholegrain La Mian,Pack,Singapore,5
Nissin,Raoh Shio Ramen,Pack,Japan,4.75
MAMA,Oriental Style Instant Noodles Masala Flavour,Pack,Bangladesh,3.5
Wei Lih,GGE Noodle Snack Wheat Crackers Hot Spicy,Pack,Taiwan,5
New Touch,Sugomen Niigata Seabura Shoyu Ramen,Bowl,Japan,5
Ibumie,Always Mi Goreng Perisa Sambal Udang,Pack,Malaysia,3.5
Unox,Good Noodles Tandoori,Pack,Netherlands,2.5
Nissin,Cup Noodle Pasta Style Bolognese,Cup,Japan,5
MAMA,Instant Noodles Shrimp Creamy Tom Yum Flavour,Pack,Myanmar,5
Nissin,Donbei Kamodashi Soba,Bowl,Japan,5
MAMA,Chicken Soup Flavour Cup Noodles,Cup,Myanmar,3.75
Fortune,Rice Noodle Coconut Curry,Pack,USA,1
Love Cook,Guanmiao Dried Noodles With Oleum Sesami,Pack,Taiwan,3.75
Love Cook,Guanmiao Dried Noodles With Spicy Sauce,Pack,Taiwan,5
Love Cook,Guanmiao Dried Noodles With Authentic Sauce,Pack,Taiwan,4.5
Love Cook,Guanmiao Dried Noodles With Shallot Flavor,Pack,Taiwan,3.75
Bonasia,Instant Noodles chicken Flavour,Pack,Hungary,3.75
Koh Thai,Island Of Flavours Lemongrass Instant Noodles Soup,Pack,Netherlands,0.25
MAMA,Instant Noodles Minced Pork Flavour,Pack,Cambodia,3.5
Bamee,Instant Noodles Oriental Style Chicken Flavour,Pack,Thailand,3
Marutai,Kogashi Megiiri Tonkotsu Kagoshima Ramen,Bowl,Japan,3.5
Nissin,Bowl Noodles Hot & Spicy Chicken Flavor Less Sodium Ramen Noodle Soup,Bowl,USA,4
Prima,Juzz's Mee Creamy Chicken Flavour,Pack,Singapore,5
Sichuan Baijia,Broad Noodle Artificial Beef Flavor,Pack,China,3.5
Conimex,Oriental Noodles Teriyaki,Cup,Netherlands,0.5
Mie Sedaap,Instant Cup Mi Kuah Rasa Baso Spesial,Cup,Indonesia,1.5
Nissin,Cup Noodles Ramen Noodle Soup Chicken Flavor [New Package],Cup,USA,3.5
Itsuki,Ramen Tonkotudou Kumamoto Noodles,Pack,Japan,0.75
Maruchan,Shiroi Chikara Mochi Udon,Bowl,Japan,4.5
iMee,Instant Noodles chicken Flavour,Pack,Netherlands,3.5
IbuRamen,Mi Goreng Bento Noodles In A Box Hot Sweet & Sour Flavor,Tray,USA,0.25
Nissin,Soba Fried Noodles Teriyaki,Pack,Germany,3
Itsuki,Yuzu Sesame Sauce Udon,Bowl,Japan,4.5
Prima,Juzz's Mee Curry Flavour,Pack,Singapore,5
Thai Smile,Mushroom Rice Noodle Soup Bowl,Bowl,USA,0
MAMA,Instant Noodles Chicken Sichek Flavour,Pack,Myanmar,3.75
Nissin,Emergency Chikin Ramen Cup Noodle,Cup,Japan,5
Nissin,Chow Mein Pad Thai,Tray,USA,3
Asia Gold,Instant Noodles With Chicken Flavouring,Pack,Hungary,3.5
Nissin,Kuroma-yu Tonkotsu Kumamoto Ramen,Bowl,Japan,4.75
Prima Taste,Singapore Curry Wholegrain La Mian,Pack,Singapore,5
Vifon,Chicken Flavour Asian Style Instant Noodles,Pack,Vietnam,3.5
Pirkka,Nuudeli Kana Nudlar Kyckling,Pack,Finland,3.5
Bonasia,Instant Noodles Duck Flavour,Pack,Hungary,3
Higashimaru,Tonkotsu Ramen,Pack,Japan,4.5
MAMA,Seafood Tom Yum Sichek Flavour,Pack,Myanmar,5
Prima,Juzz's Mee Original Spicy Flavour,Pack,Singapore,5
Ibumie,Always Mi Goreng Perisa Kari Kapitan,Pack,Malaysia,5
Koh Thai,Island Of Flavours Thai Royal Shrimp Instant Noodles,Pack,Netherlands,1.5
Master Kong,Spicy Fish Noodle,Bowl,China,3
Nissin,Cup Noodle Massaman Curry,Cup,Japan,3.5
Asia Gold,Instant Noodles Duck Flavour,Pack,Hungary,3.5
Maruchan,Seimen Houjyun Koku Shoyu,Bowl,Japan,5
MAMA,Rangers Snack Noodles BBQ Flavour,Pack,Myanmar,2.75
Nissin,Cup Noodle Sio,Cup,Japan,5
Ottogi,Cheese Ramen,Pack,South Korea,4
Nissin,Cup Noodles Homestyle Chicken,Cup,USA,3.5
Kuriki,Beef Tongue Shio Mayo Ramen,Pack,Japan,4.5
MAMA,Rangers Snack Noodles Sour Cream Flavour,Pack,Myanmar,2.75
Nissin,Cup Noodles Kyushu White Flavour,Cup,Singapore,3.5
Myojo,Mee Poh Dry,Pack,Singapore,4.25
Myojo,Chicken Abalone Flavour,Bowl,Singapore,3.75
Myojo,Ramen Char Mee 100,Pack,Singapore,3
Myojo,La Ramen Spicy Mushroom Flavour Big Bowl,Bowl,Singapore,4.5
Myojo,Mee Goreng,Pack,Singapore,4
Myojo,La Ramen Spicy Lobster Hot Pot Flavour Big Bowl,Bowl,Singapore,4.75
Myojo,Chicken Abalone Flavour,Pack,Singapore,3.5
Myojo,Thai Tom Yam Flavour,Bowl,Singapore,3.75
Myojo,Chicken Tanmen Flavour,Pack,Singapore,3.5
Myojo,Extra Spicy Singapore Curry Big Bowl,Bowl,Singapore,5
Myojo,La Ramen Spicy Mushroom Flavour,Pack,Singapore,4.5
Myojo,Chicken Flavour,Pack,Singapore,3.75
Sapporo Ichiban,Tonkotsu Ramen Artificially Flavored Tonkotsu White Chicken Broth,Pack,USA,5
Ibumie,Always Mi Goreng Perisa Thai Tom Yam,Pack,Malaysia,2.5
Vedan,Wei Wei A Instant Noodles Chicken Flavor,Bowl,Taiwan,0
Itsuki,Hakata Ossyoi,Pack,Japan,5
Nissin,Cup Noodles Minced Pork Flavour,Cup,Thailand,3.75
Asia Gold,Instant Noodles With Beef Flavouring,Pack,Hungary,2.75
Nissin,Soba Fried Noodles Chili,Pack,Germany,3.5
Marutai,Kuroma-yu Tonkotsu Kumamoto Ramen,Bowl,Japan,4
Yum Yum,Premier Bowl Instant Noodles Stewed Pork Flavour,Bowl,Thailand,4
MyKuali,Penang Spicy Prawn Soup Noodle,Pack,Malaysia,5
Mama,Shrimp Tom Yum Flavour Cup Noodles,Cup,Myanmar,3.5
Nissin,Raoh Ramen Noodle Soup Umami Tonkotsu Flavor,Pack,USA,5
Baijia,Broad Noodle Pickled Vegetable Artificial Beef Flavor,Pack,China,0
Ibumie,Always Mi Goreng Perisa Asli,Pack,Malaysia,3.75
Conimex,Oriental Noodles Groene Curry,Cup,Netherlands,0.5
Nissin,Cupo Noodle Pasta Style Vongole,Cup,Japan,2.75
Mama,Instant Noodles chicken Green Curry Flavour,Pack,Cambodia,5
Myojo,Wantan Men,Bowl,Japan,5
IbuRamen,Mi Goreng Bento Noodles In A Box Shallot Teriyaki Flavor,Tray,USA,3.25
Indomie,Instant Cup Noodles Mi Goreng Fried Noodles,Cup,Indonesia,5
Daraz,Negi Man Ramen,Pack,Japan,3
Mama,Chinese Kitchen Chinese Style Instant Noodles,Pack,Myanmar,3.5
Bonasia,Instant Noodles Shrimp Flavour,Pack,Hungary,3.5
Myojo,Udon Japanese Style Precooked Noodles With Soup Hot & Spicy Flavor,Bowl,USA,3.25
Fujiwara,Snow Crab Flavour Shio Ramen,Pack,Japan,3.5
Nissin,Raoh Ramen Noodle Soup Umami Miso Flavor,Pack,USA,4.5
Pama,Instant Rice Vermicelli Clear Soup Flavour,Pack,Malaysia,3.5
MyKuali,Penang Red tom Yum Goong Noodle (New Version),Pack,Malaysia,5
Conimex,Oriental Noodles Hot & Spicy,Pack,Netherlands,3
Nissin,Chow Mein Savory Sauce And Restayrant Quality Noodles Roast Chicken Flavor ,Tray,USA,4.5
Mama,Oriental Style Instant Noodles Shrimp Flavour,Pack,Bangladesh,3.25
Seven & I,Gold Sumire Ramen,Bowl,Japan,5
Forest Noodles,Sunbaked Noodles With Sesame Sauce,Pack,Taiwan,4.5
Forest Noodles,Purple Sweet Potato Noodles With Taiwanese Sauce,Pack,Taiwan,5
Forest Noodles,Sunbaked Noodles With Spicy Sauce,Pack,Taiwan,4
Forest Noodles,Sweet Potato Noodles With Sesame Paste Sauce,Pack,Taiwan,3.25
Vit's,Taste Of Malaysia Penang White Curry Ramen,Pack,Malaysia,5
Vit's,Taste Of Malaysia Penang Asam Laksa Fried Instant Noodle,Pack,Malaysia,4.5
Vit's,Taste Of Malaysia Penang Hokkien Mee Ramen,Pack,Malaysia,5
Vit's,Taste Of Malaysia Penang White Curry Fried Instant Noodle,Pack,Malaysia,5
Vit's,Taste Of Malaysia Penang Asam Laksa Ramen,Pack,Malaysia,5
Vit's,Taste Of Malaysia Penang Hokkien Mee Fried Instant Noodle,Pack,Malaysia,5
Vit's,Instant Noodles With Chicken Flavour,Pack,Malaysia,3.75
Yum Yum,Instant Flat Shaped Noodles Boat Noodles Nam Tok Flavour,Pack,Thailand,3.5
Kuriki,Plum Mayo Ramen,Pack,Japan,4
Tseng Noodles,Sichuan Pepper Flavor,Pack,Taiwan,4.75
Tseng Noodles,Hu Sesame Flavor,Pack,Taiwan,5
Tseng Noodles,Scallion With Sichuan Pepper  Flavor,Pack,Taiwan,5
Nongshim,Zha Wang ((Jjawang) Noodles With Chajang Sauce,Pack,South Korea,5
Mama,Instant Noodles Stewed Beef Flavour,Pack,Cambodia,3.5
Sichuan Baijia,Broad Noodle Chilli Oil Flavor,Pack,China,4.5
Nongshim,Soon Veggie Noodle Soup,Cup,USA,5
MyKuali,MeeKuali spicy Fried Noodle,Pack,Malaysia,4
Mi Sedaap,Mi Kuah Rasa Baso Spesial,Pack,Indonesia,3.5
Myojo,Udon Japanese Style Pre-Cooked Noodles With Soup Beef Flavor,Bowl,USA,3.25
Ten-In,Veggie King Buddha Jump Instant Noodles,Bowl,Taiwan,1.5
Yum Yum,Premier Bowl Instant Noodles Suki Flavour,Bowl,Thailand,5
Sugakiya Foods,Nara Tenri Shoyu Ramen,Bowl,Japan,4.5
Hao Way,Penang Vegetarian Prawn Instant Bowl Noodles,Bowl,Malaysia,4
Vifon,Asian Style Instant Noodles Artificial Beef Flavor,Bowl,Vietnam,3.25
Nakaya Shouten,Hingya no Shio Ramen,Pack,Japan,4
Koh Thai,Island Of Flavours Tom Yum Instant Noodles Soup,Pack,Netherlands,3
Nissin,Soba Fried Noodles Curry,Pack,Germany,4.25
Master Kong,Mushroom Instant Noodle,Bowl,China,4.25
Conimex,Oriental Noodles Oosterse Groenten,Pack,Netherlands,3.5
MyKuali,Penang White Curry Noodle (New Version),Pack,Malaysia,5
Marutai,Nagahama Hakata Tonkotsu Ramen,Bowl,Japan,4.75
Mama,Vegetarian Instant Cup Noodle Tofu & Shiitake Flavour,Cup,Thailand,3.5
Wai Wai,Tom Yum Goong Flavour Instant Noodle,Cup,Thailand,3.5
Cintan,Mi Segera Mmm... Perisa Goreng Ala Indonesia,Pack,Malaysia,3.5
Mama,Oriental Style Instant Noodles Tandoori Flavour,Pack,Bangladesh,4
Thai Chef,Oriental Style Instant Noodles Shrimp Creamy Tom Yum Flavour,Pack,Hungary,4.75
Mama,Vegetarian Instant Noodles Tom Yum Flavour,Pack,Thailand,4
Nissin,Cup Noodles Ramen Noodles Ramen Noodle Soup Beef Flavor (New Package) ,Cup,USA,3.5
Baijia,Spicy Artificial Fei Chang Instant Vermicelli (New Recipe),Pack,China,3.75
Crystal Noodle,Soup All Natural Hot & Sour,Cup,USA,0.25
Thai Smile,Spring Onion Rice Noodle Soup Bowl,Bowl,USA,2.5
iMee,Instant Noodles Vegetable Flavour,Pack,Netherlands,2.75
Wai Wai,Instant Rice Vermicelli Crab Flavour,Pack,Thailand,3.5
Fujiwara,Salty Taste Chanko Noodle,Pack,Japan,4.75
Azami,Kimchee Flavour Noodle Soup,Pack,Canada,0
Vit's,Shallot Chicken Instant Noodles,Pack,Malaysia,3
Cintan,Mi Segera Mmm... Perisa Asam Laksa,Pack,Malaysia,3.5
A1,Soup Spices Noodle Mee Rempahan Sup,Pack,Malaysia,3.5
Vit's,Tom Yam Instant Noodles,Pack,Malaysia,4.25
Super,Kimchi,Cup,Malaysia,4.5
Cintan,Mi Segera Mmm... Perisa Ayam Cendawan,Pack,Malaysia,3.5
Super,Curry Flavour Noodles,Cup,Malaysia,3
Pama,Kua Teaw Segera,Pack,Malaysia,4
Nissin,Chow Mein Premium Savory Sauce And Restaurant Quality Noodles Sriracha Flavor,Tray,USA,4.25
Super,Instant Noodles Black Pepper Crab Mi Goreng,Cup,Malaysia,3.5
Torishi,Hakata Tonkotsu Ramen,Pack,Japan,5
iMee,Instant Noodles Creamy Tom Yum Shrimp Flavour,Pack,Netherlands,4.5
Western Family,Beef Flavour Instant Noodles,Pack,Canada,0
MyKuali,Penang Hokkien Prawn Soup Rice Vermicelli (Bihun),Bowl,Malaysia,5
Pulmuone,Non-Fried Noodle Blackbean Sauce Noodle With Squid,Pack,South Korea,4.5
Chering Chang,Instant Non-Fried Noodles Tomato Flavour,Pack,Taiwan,3.25
JML,Spicy King Spicy Chicken,Pack,China,5
JML,Supereme Bowl Noodles With Stewed Egg Spicy Flavour,Bowl,China,3.5
JML,Spicy King Bowl Noodle Spicy Chicken,Bowl,China,5
JML,Spicy King Bowl Noodle Spicy Beef,Bowl,China,4.25
JML,Spicy King Spicy Pork,Pack,China,5
JML,Supreme Bowl Noodles With Stewed Egg Sour Beans With Pork Flavour,Bowl,China,4
JML,Spicy King Spicy Beef,Pack,China,5
JML,Supreme Bowl Noodles With Stewed Egg Braised Beef Flavour,Bowl,China,3.5
JML,Spicy King Bowl Noodle Spicy Pork,Bowl,China,4.5
Mamee,Chef Lontong Flavour,Pack,Malaysia,5
New Touch,Negi Miso No Ippin Ramen,Bowl,Japan,5
Mama,Instant Noodles Shrimp Tom Yum Flavour,Pack,Cambodia,4
Paldo,Bulnak Boeummyun King Noodle,Bowl,South Korea,3.5
Nissin,Cup Noodles Ramen Noodles With Shrimp (New Package) ,Cup,USA,3.5
Pirkka,Nuudeli Tom Yum Katkarapu,Pack,Finland,3.75
Ishimaru,Tuna Flavor Ramen,Pack,Japan,4.5
Mom's Dry Noodle,Sesame & Pepper,Pack,Taiwan,4
Authentically Asian,Natural Quality Foods Pad Thai Noodle Bowl,Bowl,USA,1
New Touch,Homestyle Tonjiru,Bowl,Japan,4.5
Nissin,Cup Noodles Moo Manao Flavour,Cup,Thailand,4
Vit's,Duck Instant Noodles,Pack,Malaysia,3.5
iMee,Instant Noodles Beef Flavour,Pack,Netherlands,3.25
A-Sha Dry Noodle,Veggie Noodle Carrot Noodle With Original Sauce,Pack,Taiwan,4.25
Mama,Oriental Style Instant Noodles Hot & Spicy Flavour,Pack,Bangladesh,4
Paldo,King Bowl Super Spicy Pan Stirfried Noodle,Bowl,South Korea,5
Thai Smile,Garlic Rice Noodle Soup Bowl,Bowl,USA,3.5
Kuriki,Mayo Ramen,Pack,Japan,4.75
Mom's Dry Noodle,Spicy & Sour Flavor,Pack,Taiwan,5
Mi Sedaap,Instant Cup Mi Kuah Rasa Soto,Cup,Indonesia,5
Yum Yum,Jumbo Instant Noodles Tom Yum Kung Creamy Flavour,Pack,Thailand,5
Azami,Chili Chicken Flavour Noodle Soup,Cup,Canada,3
Vit's,Curry Instant Noodles,Pack,Malaysia,3.5
Marutai,Ramen Shoyu Taste,Bowl,Japan,4.25
Unox,Good Noodles Kerrie,Pack,Netherlands,3.5
A-Sha Dry Noodle,Veggie Noodle Baby Grass Noodle With Toona Sauce,Pack,Taiwan,5
Mama,Rangers Snack Noodles Shrimp Tom Yum Flavour,Pack,Myanmar,4.5
Aroi,Curry Me! Penang White Curry Stir-fry Noodle,Pack,Malaysia,4.5
Myojo,Udon Japanese Style Pre-Cooked Noodles With Soup Chicken Flavor,Bowl,USA,2.5
Master Kong,Braised Beef Noodle,Pack,China,4.25
Nissin,Raoh Tanrei Koku Shio Ramen,Bowl,Japan,4.5
Little Cook,Instant Noodles Shrimp Tom Yum Flavour,Cup,Thailand,4.25
Mi Sedaap,Instant Cup Mi Goreng,Cup,Indonesia,3.75
Mamee,Monster Snek Mi Pedas,Pack,Malaysia,5
Master Kong,Tomato Sauce Instant Noodle,Bowl,China,4
Koka,Laksa Singapura,Pack,Singapore,4.25
Bonasia,Instant Noodles Beef Flavour,Pack,Germany,3.75
Super,Seafood Flavour Noodles,Cup,Malaysia,3.25
Mama,Instant Noodles Creamy Shrimp Tom Yum Flavour,Pack,Cambodia,5
Wu-Mu,BBQ Pork Flavor Chow Mein,Pack,Taiwan,4.5
Vedan,Zan Vegetarian Instant Noodle Series Shiitake Mushroom Flavour,Cup,Taiwan,2.75
Yamadai,Tenobe Somen,Bowl,Japan,3.25
Wei Lih,Jah Jan Men,Bowl,Taiwan,5
Vina Acecook,Oh! Ricey Pho Ga,Bowl,Vietnam,3
A-Sha Dry Noodle,Veggie Noodle Black Sesame Noodle,Pack,Taiwan,3.25
Pirkka,Nuudeli Liha Nudlar Kott,Pack,Finland,3.5
Baixiang Noodles,Artificial Beef Instant Noodles With Soup Base,Pack,China,3.75
CarJEN,Otentiq Cheezy Curry Instant Noodles,Pack,Malaysia,4.5
Salam Mie,Mi Goreng Dengan Abon,Pack,Indonesia,4.25
Mamee,Chef Lontong Flavour,Cup,Malaysia,5
Wai Wai,Grilled Pork Flavour Instant Noodles,Bowl,Thailand,2.5
Vina Acecook,Hao Hao Sate Onion Flavour,Cup,Vietnam,2.5
Lee Fah Mee,Sarawak White Laksa Instant Noodle,Pack,Sarawak,4
Mama,Instant Noodles Egg Protein Noodles,Pack,Myanmar,3.5
Yum Yum,Instant Noodles Minced Pork Flavor,Pack,Thailand,3.75
Master Kong,Sichuan Hot Spicy Fish,Pack,China,3.75
CarJEN,Otentiq Cheezy Mushroom Instant Noodles,Pack,Malaysia,5
Sakurai Foods,Organic Miso Ramen,Pack,Japan,4.5
Hao Way,Vegetarian Penang Laksa,Pack,Malaysia,4
Chering Chang,Instant Non-Fried Noodles Vegetable Curry Flavor,Pack,Taiwan,5
Asia Gold,Instant Noodles With Shrimp Flavouring,Pack,Hungary,4
The Kitchen Food,Sibu Instant Kampua Original,Pack,Sarawak,4
Azami,Hot & Spicy Flavour Noodle Soup,Bowl,Canada,3.5
Maggi,Hot Cup Goreng Perencah Cili Fiesta,Cup,Malaysia,4.75
Premiere,Gold Bihun Kari Heritage Instant Rice Vermicelli,Pack,Malaysia,4.5
Baixiang Noodles,Sour & Spicy Flavour,Pack,China,3.75
7 Select/Nissin,Super Tom Yum Shrimp,Cup,Thailand,3.5
Samyang Foods,Seafood Noodle,Cup,Japan,2.75
Sakurai Foods,Organic Shoyu Ramen,Pack,Japan,4.25
A-Sha Dry Noodle,Hakka Flat Noodle With Za Jiang Sauce,Pack,Taiwan,4
Vit's,Mi goreng Pedas Chewy & springy,Pack,Malaysia,3.5
Maruchan,Instant Lunch Chicken Tortilla Flavor Ramen Noodles With Vegetables,Cup,USA,4
The Kitchen Food,Instant Kampua Dark Soy Sauce,Pack,Sarawak,5
Mama,Cup Yentafo Tom Yum Mohfai,Cup,Thailand,5
Mama,Cup Shrimp Creamy Tom Yum,Cup,Thailand,5
Mama,Instant Rice Vermicelli Bihun Goreng Original Flavour,Pack,Thailand,4.75
Mama,Instant Noodles coconut Milk Flavour,Cup,Myanmar,5
Mama,Oriental Style Instant Noodles Chicken Flavour,Pack,Bangladesh,3.25
Mama,Instant Cup Noodles Minced Prok Flavor,Cup,Thailand,3.5
Wugudaochang,Sour Bamboo Shoot & Beef If Hot Pot Flavor Noodles,Bowl,China,4
Wugudaochang,Tomato Beef Brisket Flavor Purple Potato Noodle,Pack,China,5
Wugudaochang,Sea Tangle & Sparerins Flavor Noodles,Bowl,China,3.75
Wugudaochang,Chef's Grains Millet Noodle,Pack,China,3.75
Wugudaochang,Chef's Grains Buckwheat Noodle,Pack,China,3.5
Wugudaochang,Chef's Grains Pea Noodle,Pack,China,4
Wugudaochang,Sichuan Pepper & Chicken Flavor Noodle,Bowl,China,4.5
Wugudaochang,Sour Soup & Minced Meat Flavor Chef's Grain Naked Oat Noodles,Pack,China,5
Wugudaochang,Sour Bamboo Shoot & Beef If Hot Pot Flavor Noodles,Pack,China,4
Wugudaochang,Sea Tangle & Sparerins Flavor Noodles,Bowl,China,3.75
Aroi,Curry Me! Penang White Curry Soup Noodle,Pack,Malaysia,4.5
Ten-In,Veggie World Vegetarian Braised Beef Instant Noodles,Bowl,Taiwan,3.5
Nongshim,Shin Black Spicy Po-Au-Feu Flavor (Mew Edition),Pack,USA,5
Paldo,Raobokki Noodle (Export Version),Pack,South Korea,5
A1,Emporer Herbs Chicken Noodle,Pack,Malaysia,4.25
Baixiang Noodles,Sauerkraut Flavor,Pack,China,4.5
Emart,Dare You! Habanero Ramen (New Edition),Cup,South Korea,3.5
Lishan Food Manufacturing,Black Cock Brand Vegetarian Chicken Noodle,Pack,Taiwan,3.5
Azami,Chili Seafood Flavor Noodle Soup,Cup,Canada,3.25
Ah Lai,Penang Favourite White Curry Rice Vermicelli,Pack,Malaysia,5
Tropicana Slim,Less Fat Noodles Grilled Chicken,Pack,Indonesia,3.75
A-One,Mi Ly Instant Noodles Mi Chay Vegetarian Flavor,Cup,Vietnam,1.25
Mama,Cup Rice Vermicelli With Clear Soup,Cup,Thailand,3.5
Deshome,Aloe Thin Noodles With Camelia Oil Vegetable Sauce Flavor,Pack,Taiwan,5
Vifon,Curry Instant Noodle With Chicken,Cup,Vietnam,3
Paldo Vina,Koreno Premium Mushroom Flavor,Pack,Vietnam,1.5
Mamee,Oriental Noodles Prawn Flavor,Pack,Malaysia,2
Vina Acecook,King Chef Authentic Kimchi Flavour,Pack,Vietnam,4
Mama,Non-Fried Instant Noodles Ramen Tonkotsu Flavor,Pack,Thailand,5
Chencun,Senior Food Rice Noodle Fragrant Peppery Beef,Cup,China,3.75
Sau Tao,Ho Fan Wonton Soup Flavored,Pack,Hong Kong,3
United,Xi Gon Satay Onion Flavor,Pack,Vietnam,2.75
ChoripDong,Hurricane Rice Cake (Topokki),Bowl,South Korea,5
Shan,Shoop Instant Noodles Bombay Biryani Flavour,Pack,Pakistan,2.75
Mama,JokCup Instant Porridge Soup Seafood Flavour,Cup,Thailand,3.5
Baijia,Artificial Pickled Vegetable Beef Flavor,Pack,China,3
MyOri,Malaysia Penang White Curry Noodle Super Spicy,Pack,Malaysia,5
MyOri,Malaysia Penang Green Curry Rice Vermicelli,Pack,Malaysia,5
MyOri,Malaysia Penang White Curry Noodle Original,Pack,Malaysia,5
Ruski,Chicken Flavour Instant Noodles,Pack,Malaysia,3.75
Ottogi,Sesame Flavor Ramen Korean Style Instant Noodle,Pack,South Korea,4.25
Master Kong,Seafood Flavour Instant Cooking Noodles,Pack,China,4.25
Wei Lih,Instant Noodles With Onion Flavour,Pack,Taiwan,4.25
No Name,Shrimp Flavour Oriental Noodles And Soup Mix,Cup,Canada,2.75
New Way,Spaghetti Instant Noodles,Tray,Vietnam,4
Lucky Me!,Supreme Jjamppong Korean Style Spicy Seafood Soup,Bowl,Philippines,3.75
Hao Way,Vegetarian Penang Laksa Instant Bowl Noodles,Bowl,Malaysia,2
Emart,Dare You! Habanero Jjajang Ramen,Cup,South Korea,3.5
Campbell's,Hearty Noodles Savoury Beef Flavour,Cup,Canada,0.25
One Dish Asia,Japanese Ramen Noodle,Bowl,USA,0
Long Jun Hang,Taiwan Dried Noodles With Onion Oil Sauce,Pack,Taiwan,2
Pama,Bihun Creamy Tom Yam Flavour,Cup,Malaysia,3.75
A-Sha Dry Noodle,Veggie Noodle Tomato Noodle With Vine Ripened Tomato Sauce,Pack,Taiwan,5
Thai Chef,Instant Nudelsuppe Huhn Geschmack,Pack,Germany,3
Shan,Shoop Instant Noodles Masala Flavour,Pack,Pakistan,3.25
Wai Wai,Quick Zabb Tom Klong Flavour Instant Noodles,Pack,Thailand,2.75
Samyang Foods,Shoyu Noodle,Cup,South Korea,3.5
A-One,Mi Ly Instant Noodles Mi Bo Beef Flavor,Cup,Vietnam,3.5
Cintan,Mi Segera Mmm... Perisa Kari,Pack,Malaysia,3
Nissin,Donbei Tempura Soba Mini,Bowl,Japan,4
Nongshim,Korean Clay Pot Ramyun,Bowl,China,2.5
Hao Way,Penang Laksa Instant Bowl Noodles,Bowl,Malaysia,3.5
Azami,Kimchee Noodle Soup,Cup,Canada,0
Vedan,Wei Wei A Instant Noodles Hot Beef Flavour,Bowl,Taiwan,2.5
Nissin,Gonbuto Kistune Udon,Bowl,Japan,2.75
Mama,Instant Rice Noodle Soup Spicy Shrimp Flavour,Bowl,Thailand,5
Baixiang Noodles,Artificial Pork Flavour,Pack,China,3
MyKuali,Penang White Curry Noodle (New Improved Tatse),Pack,Malaysia,5
Nongshim,Quick2 Hot & Spicy Noodle Soup With Habanero & Lime,Pack,USA,4
Myojo,MenWhite Creamy Tonkotsu,Bowl,Japan,3
Premiere,Gold Penang Asam Laksa Bihun,Pack,Malaysia,3.25
Nissin,Chu Qian Yi Ding Tom Yum Instant Noodles With Soup Base,Pack,Singapore,3.75
Deshome,Aloe This Noodles With Camellia Oil Spicy Bean Sauce Flavor,Pack,Taiwan,2.5
MyKuali,Penang Hokkien Prawn Noodle (New Improved Taste),Pack,Malaysia,5
Unif-100,Instant Noodles Artificial Spicy Beef Flavor (New Package),Pack,China,3.5
Hankow,Shanghai Kaiyang Noodle,Pack,China,4
The Bridge,Penang White Curry Noodle,Pack,Malaysia,5
Maruchan,Kaoru Maitake Tempura Udon,Bowl,Japan,3.25
Shan,Shoop Instant Noodles Spicy Lemon Flavour,Pack,Pakistan,3.25
Lucky Me!,Supreme Seafood Flavor Big Cup,Bowl,Philippines,4
Paldo Vina,Koreno Premium Ginseng Flavor,Pack,Vietnam,3
Mitoku,Brown Rice Ramen,Pack,Japan,0.25
Hao Way,Penang Vegetarian Prawn Instant Noodles,Pack,Malaysia,4.5
Myojo,Nyumen Desse Shoyu,Bowl,Japan,2.75
Maggi,Perencah Kari Letup Mi Segera,Pack,Malaysia,4
Nissin,Demae Iccho Mushroom With Vegetables Flavour Macaroni,Pack,Hong Kong,3.5
Unzen,Mushroom Honpo Shiitake Nutritious Noodle,Pack,Japan,1
Salam Mie,Mi Goreng Ala Jawa Dengan Sambal Cabe Asli,Pack,Indonesia,5
Vina Acecook,Mikochi Tom Yum Flavor Instant Noodles,Pack,Vietnam,3.5
Nongshim,Jinjja Jinjja (New),Pack,South Korea,5
Chering Chang,Instant Non-Fried Noodles Shallot Pork Flavour,Pack,Taiwan,5
Nissin,Top Ramen Super Noodles Tomato,Pack,India,3.5
Mama,Cup Rice Vermicelli Shrimp Creamy Tom Yum,Cup,Thailand,4
Nissin,Original Chow Mein Premium Spicy Chicken Flavor,Tray,USA,4
Uncle Sun,White Curry Noodle More Spicy,Pack,Malaysia,3
JML,Emporer Instant Noodles Spicy Chicken,Pack,China,5
Acecook,Jan Jan Dashi Shoyu Yakisoba,Cup,Japan,2.25
Nongshim,Tteokgukmyun,Pack,South Korea,4.25
Mom's Dry Noodle,Vegan Chilli With Sesame Sauce,Pack,Taiwan,5
Mi E-Zee,Perisa Sayuran,Pack,Malaysia,3.5
Mi E-Zee,Perisa Kari Sayuran,Pack,Malaysia,3.75
E-mi,Mi Perencah Ayam Jagung,Pack,Malaysia,3.75
Mi E-Zee,Perisa Bayam,Pack,Malaysia,3.5
Mi E-Zee,Plain Noodles,Pack,Malaysia,0
J.J.,Snek Mi Perisa Ayam,Pack,Malaysia,3.75
CarJEN,Nyonya Curry Laksa,Pack,Malaysia,5
E-mi,Mi Perencah Asam Pedas,Pack,Malaysia,3.75
J.J.,Snek Mi Perisa BBQ,Pack,Malaysia,4
Mi E-Zee,Perisa Kari / Curry Flavour,Pack,Malaysia,4
